MLRYLSLFAVGLATGYAWGWIDGLAASLTV,0
AAVSLLQNKLAYDGFLSK,0
FLPIIASVAAKVFSKIFCAISKKC,0
CGESCVFIPCITSVAGCSCKSKVCYRNGIP,1
FLPLFASLIGKLL,0
MTLDVFTKVVSQADSRG,0
SEDETRLVKNLFSGYNKVVRPVNH,0
GLWQKIKSAAGDLASGIVEAIKS,1
QASTDYDDEDESTVPEAR,0
FLPAIVGAAAKFLPKIFCAISKKC,1
EDGSDAVSGEFLAEGGGVR,0
GAHDILKYGKPS,1
APLQPGGSPALTKIYPRGSHWAVGHLM,0
NRWCFAGDD,1
DEKGPKWKR,1
VNDGYLDNGLQEGDFE,0
ENFAGGCTPGYQRTADGRCKPTF,0
MNRLLQRQLFLENLLVGVNSTFHQM,0
ALWKNMLKGIGKLAGQAALGAVKTLVGAES,0
LNLKALLAVAKKIL,0
FLPIIAGVAAKVLPKLFCAITKKC,1
SGFVLKGYTKTSQ,1
SWASMAKKLKEYMEKLKQRA,1
GIGSLLAKAAKLGANLL,1
KGRGKQGGKVRAKAKTRSS,1
FLSTLLKVAFKVVPTLFCPITKKC,1
GLWSKIKETGKEAAKAAGKAALNKIAEAV,1
GRSPRRRTPSPRRRRSQSPRRRRS,1
FFRLLFHGVHHGGGYLNAA,1
CVTGAPGCVGGGRL,0
GLPVCGETCVGGTCNTPGCGCSWPVCTRN,1
KWKLFKKIPKFLHSAKKF,1
GLFKTLIKGAGKMLGHVAKQFLGSQGQPES,0
MRAKWRKKRVRRLKRKRRKTRARSK,0
GINTLKKVIQGLHEVIKLVSNHE,1
STNCFCYPCCSCSS,1
LLPIVGNLLNSLL,0
DEGCLPDDSSRT,0
FKAVRGERLVYSVKWEGGGKITTRIL,0
FMGGLIKAATKIVPAAYCAITKKC,1
SIITMTKEAKLPQLWKQIACRLYNTC,1
GIGAILKVLATGLPTLISWIKNKRKQ,0
HYQEVPRQIQEKLIKGQ,0
MDLIPDLAVETWLLLAVTLV,0
QDKPFWSPPIYPH,0
CRQSCSFGPLTFVCDGNTK,0
GLASTLGSFLGKFAKGGAQAFLQPK,1
GINTLKKVIQGLHEVIKLVSNHA,0
RWCVYAYVRIRGVLVRYRRCW,1
GLPVCGETCVGGTCNTPGCSCSWPVCTRN,1
KWKLFKKIGAVLKVL,1
FLGALIKGAIHGGRFIHGMIQNHH,1
GLPVCGETCFGGTCNTPGCICDPWPVCTRN,0
FLPIIASVAANVFSKIFCAISKKC,0
FLPIVTNLLSGLL,1
GKQYFPKVGGRLSGKAPLAAKTHRRLKP,1
GVTSNPAIFQKAISTSNAYNDQFR,0
SLWSKIKEMAATAGKAALNAVTGMVNQ,1
APVENQGSFPKMFPRGSHWAVGHLM,0
HVGGDECNINEHRSLVAIFVFTEFF,0
GLKDWVKIAGGWLKKKGPGILKAAMAAATQ,0
YPELQQDLIARLL,1
GLLNGLALRLGKRALKKIIKRLCR,0
FLPLVLGALSGILPKIL,1
QHYSLEWKPG,0
LLPIVGNLLNSLL,1
IISPPVCGNELLEEGEECDCGTPEN,0
ATPATPTVAQFVIQGSTICLVC,1
DSVGSTTAHKQQNINHLLDK,0
TDTKESDFLAEGGGVR,0
MDLIFPLVGSLLLVICVMVGVAFLTLL,0
NIPQLTPTP,1
FFPTIAGLTKLFCAITKKC,1
ELISNSSDALDKTNNSLTIIDSGIGMTK,0
ENFVGGCTPGYQRTADGRCKPTF,0
FLPAIAGILSQLF,1
FLPGLIAGIAKML,1
ALFEESTVSAEPR,0
IKLSPETKDNLKKVLKGAIKGAIAVAKMV,1
MGGVGKTKRMRRLKRKRRKMRQRSK,0
KDLHTVVSAILQAL,1
ADEGFSATVRNGAV,0
GLFDIIKKVASVVGLASP,0
GLLQTIKEKLESLESLAKGIVSGIQA,1
GIHDILKYGAPS,1
MDLSFTLSVVTA,0
ISLEICAIFHDN,1
GFIFHIIKGLFHAGKMIHGLV,1
PPEAAYGPGNTNSDSGDK,1
TPSQDFMRF,0
ARKFFVGRNWPEL,0
ENFAGGCATGYLRTADGRCKPTF,0
CSYTMEA,1
GILDALTGIL,1
VLPLISMALGKLL,1
GAFGDLLKGVAKEAGMKLLNMAQCKLSGKC,1
GLFDIIKKIAESF,1
AGESSNEAKGMWFGPRL,0
EKYTEVPEYV,1
FLPIVAGLAANFLPKIVCKITKKC,1
SPPNQPSIMTFDYAKTNK,1
TRRTAFLFDELSLWHSASQYALILPVGG,0
FLPLLAGLAANFLPKIFCKITRKC,0
ANNPGARKAIRKIEARTEVN,0
NYTIGNDNVLTEPLSEIKTAGLMYKMGVQ,0
GIGASILSAGKSALKGLAKGLAEHFAN,1
GRLQAFLAKMKEIAAQTL,1
VVSCADILAVAAR,0
GLRKRLRKFRNKIKEKLKKI,1
GILDVAKTLVGKLRNVLGI,1
FLGFLHHLF,1
GIMDSVKNVAKNIAGQLLDKLKCKITGC,1
FVYGNGVTSILVQAQFLVNGQRRFFYTPDK,1
FLPFIAGVAAKFLPKIFCAISKKC,0
KWKLFKKGAVLKVLT,1
AIPCGESCVWIPCISAAIGCSCKNKVCYR,1
FLPAIAGMAAKFLPKIFCAISKKC,1
GWKDWLNKGKEWLKKKGPGIMKAALKAATQ,1
FHPSLWVLIPQYIQLIRKILKSG,1
VEWSDSERKTLVSVWGKI,0
SKSSSPCFGGKLDRIGSYSGLGCNSRK,0
GILGKLWEGFKSIV,1
ESGGSGEANGMWFGPRL,0
GLLGTLGNLLNGLGL,1
HHDHHAAVGGGGGGGGGA,0
SNVCFNACMKISSSQKTCQILC,0
KRMLSNRESARRSRMRKQK,0
FLPIVGKLLSGLL,0
AVPPRYGYTRG,0
TWLKKRRWKKAK,1
GFMSKVANFAKKFAKGGVNAIMNQK,1
VQIFVRDNNVDQALKALK,0
ANLFTSDQDLYTDSR,0
ILPILGNLLNGLL,1
GPDSSFLRL,0
FLGALFKVASKVLPSVFCAITKKC,1
MAKFELPNLPTADDAL,0
GFGSLFKFLGKKLAKTVAKQAAKKQME,0
GIWDTIKSMGKVFAGKILQNL,1
PDPAKTAPKKGSKKAVTKA,1
HEPCGESCVFIPCITTVVGCSCKNKVCYN,0
AKLDFDRSKEHVNVGTIGVH,0
IPCGESCVWIPCITAIAGCSCKNKVCYT,1
RAGLKFPVGRVHRLLR,1
ENFAVGCTPGYQRTADGRCKPTF,0
FLPVVAGLAAKVLPSIICAVTKKC,0
ILGPVLSMVGSALGGLIKKI,1
GGLRSLGRKILRAWKKYGPIIVPIIRIG,1
PSPPGFSPFR,0
FLPIIAGVAAKVLPKIFCAISKKC,1
GDVVANPESVELK,0
LSAMLEDTENWLYEELSLTQDPVV,0
RCTCTTIISSSSTF,1
FLPILASLAATLGPKLLCLITKKC,0
DDDDDDHTIEHFETF,0
AIPCGESCVWIPCISTVIGCSCSNKVCYR,1
FLPAIVGAAAKFLPKIFCVISKKC,0
NSELINSILGLPKVMNDA,0
ESIVRPPPVEAKVEETPE,0
MNIVDIAWAALMVVFTFSLSLVVWGRSGL,0
FVQWFSKFLGRIL,0
GLLSVLGSLKLIVPHVVPLIAEHL,1
GLWETIKNFGKKFTLNILHKLKCKIGGGC,1
GLFDIIKKVASVVGLASQ,0
GLFGVLAKVAAHVVPAIAEHF,0
RILSILRHQNLLKELQDLAL,1
DFKCPSEWYAYDQHCYRIIN,0
GLLSVLGSVVKHVIPHVVPVIAEHL,0
KAYSMPRCKYLFRAVLCWL,1
FIGAIARLLSKIF,1
FLPLLAASFACTVTKKC,0
MDVAEYAAHDATGLAELIREGQVSACEV,0
FLPLIGKVLSGIL,0
FFLPSLIGGLISAFK,1
AFANTGVEIVSIDTYLFSLYDEDK,0
GLVSSIGRALGGLLADVVKSKEQPA,0
NLMQFELLIMKVAGRSGIVWYSDY,0
SGPGFMGVR,0
KAVVLGKAGGTAELPCQASQ,0
FPIDDDDKIVGGYTNR,0
HSEGTFSNDYSKYLETRRAQDFVQWLKNS,0
FLIGMTHGLICLISRKC,0
RVKRFWPLVPVAINTVAAGINLYKAIRRK,1
GLWEKIREKANELVSGIVEGVK,1
GILSGVLGMGKKIVCGLRGLC,1
PAQPFRIKKRQGPFERP,0
VAPFPHGKLVTYKYIADVKAGVDPSLV,0
FLPVLTGLTPSIVPKLVCLLTKKC,1
LHSNLEYQYRYSGRVASGIP,0
EQPGGDKVNLGYFTN,1
PAQPFRFPKHPQGPQTRPPI,1
FRGHAKGDKKNQKK,0
GLLGSIGKVLGGYLAEKLKPK,1
RKGWFKAMKSIAKFIAKEKLKEHL,1
DSLSFSYNNFEEDD,1
MIRIISRANSVTSSNEVNRLVTGQIPHD,0
RKFHEKHHSHRGYR,1
ILGKFCDEIKRIV,0
GLFSVLGAVAKHVLPHVVPVIAEK,0
GNGVVLTLTHECNLATWTKKLKCC,1
APSQSTVTALLTSCVSYIDDQ,0
QSFGNQWARGHFM,0
ILGPVLSLVGNALGGLLKNE,1
AGWGSIFKHIFKAGKFIHGAIQAHND,1
AKSILLGEEGRHSMQAGVDKLANTVKVTLG,0
YVPPVQKPHPNGPKFPTFP,1
FWGALAKGALKLIPSLFSSFSKKD,0
GIGGALLSAGKAALKGLAKVLV,1
ITIPPIVKDTLKKFFKGGIAGVMGQ,1
GIVDFAKKVVGGIRNALGI,0
LKKLLKKLKK,1
GFLSILKKVLPKVMAHMK,0
GIWGTLAKIGIKAVPRVISMLKKKKQ,0
ITSFIGCTPGCGKTGSFNSFCC,1
FLHFLHHLF,1
GFKDGAADRISHGF,0
ALLDKLKSLGKVVGKVALGVAQHYLNPQQ,1
SCNCVCGVCCSCSP,1
FLSLIPHAINAVSTLVHHSG,1
NGPNGKSQSIIVGPWGDRVTN,0
GLLDVVKGAAKNLLASALDKLKCKVTGC,1
GLFKVLGSVAKHLLPHVAPVIAEKL,1
HSDGTFTSELSRLRESARLQRLLQGLV,0
TQLEAACPNVVSCADILALAAR,0
KCGVSIPYKISPSTDCSSVK,0
MSEARNLFTTFGILAILLFFLYLIYAVL,0
GILDSLKNLAKNAGQILLNKASCKLSGQC,0
GKLQAFLAKMKEIAAQTL,1
DYPKLTFTTS,0
ACEVTQLAVCASAILGGTKPSGECCGNL,0
GLFKVLGSVAKHLLPHVAPVIAEK,0
QGGAGWPPIPP,0
MADAEDIQPLVCD,0
GFWGKLFKLGLHGIGLLHLHL,1
KIIFLIAI,1
GAVGEIQILLNNIASQLNGDQKKADKV,0
WLGSALKIGAKLLPSVVGLFKKKKQ,0
DAQEKRQPWLPFG,0
VVGGDECNINEHRSLVAIF,0
FLPFLAKILTGVL,0
FLPIIAKVLSGLL,1
FLIGMTQGLICLITRKC,0
IASKFICTPGCAKTGSFNSYCC,1
GIFSSRKCKTVSKTFRGICTRNANC,1
NLVQLGKMIFQETGKNPATSYGL,0
GIGSALAKAAKLVAGIV,1
LPLIASLAANFVPKIFCKITKKC,1
GIMDTVKNVAKNLAGQLLDKLKCKITAC,1
FLPLILGKLVKGLL,0
GVGSFIHKVVSAIKNVA,0
AVNVNTNVSAMTAQRYLNQA,0
GIPCGESCVWIPCISAAIGCSCKSKVCYRN,1
FENEDEGYFQDPEDCS,0
QRRCPRIYMECKHDSDCLADCVCLEHGICG,0
AGPVSKLVSGIGL,0
MDIVSLAWASLMVVFTFSLSLVVWGRSGL,0
RCVCTRGFCRCFCRRGVC,1
GLLSKVLGVGKKVLCGVSGLC,1
RPPGFSPFRVAPAS,0
IIPFVAGVAAEMMEHVYCAASKKC,1
PYDRISGSAFSDF,0
VIDDLKKVAKKVRRELLCKKHHKKLN,1
QPSYDYDEEEDDRAKLRLDAR,0
QPFSLERW,1
VNWKKILGKIIKVVK,1
LAFVAGVAAEMMQHVYCAASKKC,1
TSRCIFYRRKKCS,1
GLNTLKKVFQGLHEAIKLINNHVQ,1
ISCQDVKQSLAPCLPYVTGRAPKPA,0
GLWQLIKDKLKDAATGFVTGIQS,0
ITACLDPDGWKEPGPLPGISTK,0
SDPEVPGMWFGPRL,0
GFLDKLKKGASDFANALVNSIKGT,0
GLLASLGKVFGGYLAEKLKPK,1
NLYQFKNMIKCTNTRMWWSFTNAGCYDG,0
MALKAVCVLKGAGETSGTVHFEQEDN,0
GLLGSIGKVLGGYLAEKLKPK,0
QEKPYWPPPIYPM,0
SGLLINQPKYSWLKELGL,0
GWANTLKNVAGGLCKITGAA,1
GLLSSLGLNL,0
FLSLIPHAINAISAIAHHL,0
KIKWFKTMKSIAKFIAKEQMKKHLGGE,1
LKLLKKLLKLLKKLGK,1
ILPFVAGVAAMEMEHVYCAASKKC,1
MREKWKKKRSRRLRRKRRKMRARSK,0
KWKLFKKLKVLTTGL,1
WLGSALKIGAKLLPSVVGLFQKKKK,1
GLLDFVTGVGKDIFAQLIKQI,1
FLPLKKLRFGLL,1
GCSRWIIGIHGQICRD,1
KDALEHTGFAPKKDGEEHVEWNYN,0
FLGSLLGLVGKVVPTLFCKISKKC,1
GVQKSEVVITSA,0
FLPMLAGLAASMVPKLVCLITKKC,0
FRPALIVRTKGK,0
EYDDMYTEKRPKVYAFGL,0
RPRCWIKIKFRCKSLKF,1
EGANSNEAKGMWFGPRL,0
DVPASIDWREYGYVTEVKD,0
ADVRNPLEEFRETDYEVL,0
FLGGLIKPWWPWRR,1
FLPAVLRVAAKVVPTVFCLISKKC,0
FLSLIPHIATGIAALAKHL,0
ILCINVAGRRIC,0
GLLDFVTGVGKDIFAQLIKQI,0
AGDDETLLKPVLNSLDNLVSGL,0
YDDGSYKPHIYGF,0
SGTPEKERESGRLLGVVKRYIVCVRNPCP,1
NLINFMEMIRYTIP,0
DAHNEDEEHAEGS,0
RQLNPSSQELQSPQQSYLQQPYPQNPYL,0
QKLCERPSGTWSGVCGNNNACKN,1
QLASDDYGHMRF,0
GLFSVLGSVAKHLLPHVVPVIAEKL,1
LFGFLIPLLPHLIGAIPQVIGAIR,1
FLPAIFRMAAKVVPTIICSITKKC,0
FLPAIAGVAAKFLPKIFCAISKKC,1
RKFHEKHHSHRGYRSNYLYDN,1
GLPVCGETCVTGSCYTPGCTCSWPVCTRN,0
GLLGGLLGPLLGGGGGGGGGLL,1
SIGSALKKALPVAKKIGKIALPIAKAALP,1
MDIVGITWAALMVVFTFSLSLVVWGRSGL,0
AEFGPSQPFKGAK,0
FLGGLIKKWPWWPWRR,1
FLPFIAGVAAKFLPKIFCAISKKC,1
GLIQTIKEKLKELAGGLVTGIQS,0
VRRFPWWWPFLRR,1
SMLSVLKNLGKVGLGFVACKINKQC,0
VKSTGRADDDLAVKTKYLPP,1
GIPCGESCVFIPCITAAIGCSCKSKVCYRN,1
IIGPVLGMVGSALGGLLKKIG,1
DDASDRAKKFYGLM,0
WWRELLKKLAFTAAGHLGSVLAAKQSGW,1
FFGTALKIAANVLPTAICKILKKC,1
GFKRIVQRIKDFLRNLV,1
SIGSAFKKALPVAKKIGKAALPIAKAALP,1
VDKPDYRPRPWPRPNM,1
FLPVILPVIGKLLSGIL,1
GLTQKDLVALSGAHTIGKAR,0
IFGAIWKGISSLL,1
FWGALIKGAAKLIPSVVGLFKKKQ,1
GSGADCFWKYCV,0
GWASSIGSILGKFAKGGAQAFLQPK,1
MLISGTAFLRLRTNRKAFPTP,0
DVNGGWSCATTVDAKFRPNGCTD,0
QKIQEIDLQTYLQPQ,1
FWGALAKGALKLIGPGSLFSSFSKKD,1
GLLSSLSSVAKHVLPHVVPVIAEHL,1
IVGGMEATPHSWPHQVA,0
GLFGVLGSIAKHVLPHVVPVIAEK,1
GLWEKIKEKANELVSGIVEGVK,1
ILPFVAGVAAEMMKHVYCAASKKC,1
SRSELIVHQRRC,1
GIFGKILGAGKKVLCGLSGLC,1
AVPDKIDRRESGYV,0
VSCADILTMATRQFDNVYYKNLQQGK,0
FLSLALAALPKLFCLIFKKC,1
ITIPPIVKNTLKKFIKGAVSALMS,1
KFHEKHHSHRGY,1
DVHSNTGIFGIHTS,0
DGPAQKQNTVNQLLVLIYLYK,0
GLPTCGETCFGGTCNTPGCTCDPWPVCTHN,1
SADIVKKLWDNPAL,0
VVSQYHELVVQARLSEQELEFR,0
GLPVCGETCFTGTCYTNGCTCDPWPVCTRN,1
IKIPPIVKDTLKKVAKGVLSTIAGALST,1
AYPGNGVHCGKYSCTVDKQTAIGNIGNNAA,1
GFKDLLKGAAKALVKTVLF,1
DVTFSMLGANGATYYQFF,0
TSRCYIGYRRKVVCS,1
MATPGFSCLLLSTSEIDLPMKRRV,0
AFVKGSAQRVAHGY,0
FITGLISGLMKAL,1
EGSGSGETSGMWFGPRL,0
GWKKWFTKGERLSQRHFA,1
FLGGILNTITGLL,1
MQTLPKERRY,0
GFWTTAAEGLKKFAKAGLASILNPK,1
FILPLIASFLSKFL,1
TDPLWQLPGAHLEQYLS,0
NEESDLIADKFTNYNKLIRPAKH,0
IFGAILPLALGALKNLIK,0
SRSELIVHQRLF,1
MTATILVADDDAAIRTVLNQALSRAG,0
LSAIWSGIKS,1
MRAKWRKKRMRGLKRKRRKMRQRSK,0
MKAIMLVNFCDERGSGR,0
SVAALAAQGLLYNAPK,0
VGSRYLCTPGSCWKLVCFTTTVK,1
SPPAPFVPVPIN,0
IKIPSFFRNILKKVGKEAVSLIAGALKQS,1
INIKDILAKLVKVLGHV,1
MTWSKPAYTDLRIGFEVTMYFASR,0
GLWSTIKQKGKEAAIAAAKAAGQAALGAL,0
INWLKLGKKMMSAL,1
GVGYKVVVTTTAAADDDDVV,1
MEFVAKLFKFFKDLLGKFLGNN,0
MWTKPAYTDLRIGFEVTMYFANR,0
FAEPLPSEEEGESYSKEVPEMEKRYGGFM,1
MAPRGFSCLLLSTSEIDLPVKRRA,0
FLPLLAGLAANFFPKIFCKITRKC,1
MSWTKPAYTDLRIGFEVTMYFASR,0
GILDFAKTVVGGIRNALGI,0
KKKSGVIPTVSHDCHMNSFQFVFTCCS,1
GLPTCGETCTLGTCYVPDCSCSWPICMKN,1
DSMGAVKLAKLLIDKMKCEVTKAC,1
FLRFIGSVIHGIGHLVHHIGVAL,1
FLSLIPHAINAVSAIAKHN,0
APKNIVLFGATGMTGQVTLGQALE,0
GLLGLGYGGY,0
FLPIVGRLISGIL,1
ALYLAIRKR,1
MEFSPRAAELTTLLESRISNFYTNI,0
GVWTTILGGLKKFAKGGLEALTNPK,1
FLPFVGNLLKGLL,1
LNPFRWMINKYREWKNKKN,0
FIGGIISLIKKLF,0
MRKEFHNVLSSGQLLADKRPARDYNRK,1
INWKKIKSLIKAAMS,0
RFRLPFRRPPIRIHPPPFYPPFRRFL,1
KWKLFKKIGIGAVLKVLTTGLPALIS,1
FLPIIAGMAAKVICAITKKC,1
QGGLPRPGPEIPP,0
LLPWKWPWWKWRR,1
GLFDIVKKVVGTIAGL,0
GLLASLGKVLGGYLAEKLKP,1
RIGVLLARLPKLFSLFKLMGKKV,1
ILGKIWKIKKLF,1
VRLEFKLQQTSCRKRDWKKP,1
MAKEQQVQANDLQEKLIAVNRVAK,0
FLSLIPHIVSGVASIAKHF,1
ITKDFDALMKYIKRI,0
GIMDTIKDTAKTVAVGLLNKLKCKITGC,1
TNSKEGEFIAEGGGVR,0
KKMKDTDSEEEIREAFRVFDKDGNGFI,0
GLLSNVAGLLKQFAKGGVNAVLNPK,1
GLFDIAKKVIGVIGSL,1
LLGGLLQSLL,1
FLPLLASLFSGLF,1
LDEFRVYSDDANKYKISIPQD,0
ADSRNPLEEEFRETNYEEF,0
SVVDGWTTFR,0
GLLGFVGSLLGGLGI,0
GLVDVLGKVGGLIKKLLP,0
GIFLKVLGVGKKVLCGVSGLC,1
MAPRGFSCLLLSTSEIDLPVKRRT,0
RRWCFRVCYRGFCYRKCR,1
GWKDWLKKGKEWLKAKGPGIVKAALQAATQ,1
SNKKNYQKEIVDKHNALRRSVK,0
GLFGILGSVAKHVLPHVVPVIAEHS,1
RSNKGFNFMVDMIQALSK,1
DSHEKRHHEHRRKFHEKHHSHRGY,1
FLNALKNFAKTAGKRLKSLLN,0
CMSTRGDQARKICE,1
GWGSIFKHGRHAAKHIGHAAVNHYL,1
MFFKIDLKNHPYLIRLKKQEE,0
IKIPAVVKDTLKKVAKGVLSAVAGALTQ,1
QGGWPRPGPEIPP,0
SGSGVRSAKKGGKAQGGQAGVGYKGSTEPG,0
GFGALFKFLAKKVAKTVAKQVAKKQME,0
ILGTILGLLKGL,0
GLLSKVLGVGKKVLCGVSGLC,0
KDFCHLPPKPGPCRAAI,0
ACYCRIPACIAGERRYGTCIYQGRLWAFCC,1
GLWSKIKTAGKSVAKAAAKAAVKAVTNAV,1
NPTNLH,0
WFDPLRITETTTGSVTLK,0
PRGSPRTEYEAARR,1
YIELAVVADHGIFTKYNSNLNTIR,0
PDPAKTAPKKKSKKAVT,1
KGGSGVIHTISHEVIYNSWNFVFTCCS,1
IFKAIWSGIKSLF,1
GYLDYDEVDDNRAKLPLDAR,0
FIGGIISLIKKLF,1
MLYANPNTESSPVGFRKKYDNFI,0
RGDKDIFTVHDILKARGEI,0
FVGPVLKIAAGILPTAICKIYKKC,1
FLGGLMKAFPAIICAVTKKC,1
SEAENDLMNKLFTAYNPKVRPAEK,0
ASGPCFPNPCQNDGECHVIDDSHR,0
PDYLQLARA,0
FIGPVLKMATSILPTAICKGFKKC,1
GLFDIIKKIAESI,1
FLSLLPSIVSGAVSLAKKLG,1
GLMSVLGHAVGNVLGGLFKS,1
GIGTKILGGVKTALKGALKELASTYVN,1
FIGAIARLLSKIFGKR,1
GLWKSLLKNVGVAAGKAALNAVTDMVNQ,0
GWFDVVKHIASAV,0
AALRGCWTKSIPPKPCSGKR,1
EPFKISIHL,1
FIFDLLKKLV,1
GIPCGESCVFIPCLTTVAGCSCKNKVCYRN,1
VIGGTNASPGEIPWQLSQQRQSGSW,0
FFPLLFGALSSMMPKLF,1
DTHFPICIFCCGCCHRSKCGMCCKT,1
CPAIQRCCQQLRNIQPPCRCCQ,1
GLLGLLGSVVSHVVPAIVGHF,1
LLPNLLKSLL,1
QLPFVAGVACEMCQCVYCAASKKC,1
GLLSGVLGVGKKIVCGLSGLC,1
KWKLFKKIGIGKFLHSAKKF,1
AVITGACERDVQCGGGTCCAVSLI,0
GIADILKYGKPS,1
IIGPVLGMVGSALGGLLKKIG,0
GLWEKIKEKASELVSGIVEGVK,1
MEFGNLTNLDVA,0
GIGGKILGGLRTALKGAAKELAATYLH,1
MARRGFSCLLLSTTATDLPVKRRT,0
IVSYPDDAGEHAHKMG,0
WLRRIGKGVKIIGGAALDHL,1
GFKDWIKGAAKKLIKTVASSIANE,0
FNRGGYNFGKSVRHVVDAIGSVAGILKSIR,1
GILGNIVGMGKKVVCGLSGLC,1
FKSWSFCTPGCAKTGSFNSYCC,0
GFPCGESCVFIPCISAAIGCSCKNKVCYRN,0
RVCPRILMECKKDSDCLAECVCLEHGYCG,0
GGETSGEGKGMWFGPRL,0
TPALAVVTTVLPAAAVTTAKSV,1
FDIVKKVVGALGSL,1
FFPIVAGVAGQVLKKIYCTISKKC,0
MPGLDSPAAVRRAAMDLLAR,0
VKKEDELKELRTKTNEELNEEILQLK,0
TVYTNA,1
FVGLAKVAAHVVPAIAEHF,1
WGIRDILKYGKPS,1
FAVGTESIAKTFSEALDTTKISDVLSK,0
GLFKVLGSVAKHLLPHVAPVIAEK,1
VIPFVASVAAEMQHVYCAASRKC,1
IFKAIWSGIKRLC,1
FFHHIFRGIVHVGKTIHRLVTG,1
FLPVIAGLAAKVLPKLFCAITKKC,1
GLPRKILCAIAKKKGKCKGPLKLVCKC,1
GKWMSLLKHILK,1
LFGFLIKLIPSLFGALSNIGRNRNQ,1
FLGGLIKRPPAMICAVRKKC,1
VDKPDYRPRPWPRPN,0
EGGGPQWAVGHFM,1
GRGGSSNYVRL,0
FLPVVAGLAAKVLPSIICAVTKKC,1
FLPIIAKVLSGLL,0
MGIIAGIIKFIKGLIEKFTGK,0
GLFKVLGSVAKHLLPHVVPVIAEK,1
QRPYTQPLIYYPPPPTPPRIYRA,1
GVVTDLLNTAGGLLGNLVGSLSG,1
DDNGKPYVLPSVRTCGFDFTGAVEDISK,0
MSPLKAVAVLTGADVKGVVQFT,0
HSEGTFSSDYSKYLDSRRAKDFVQWLMST,0
MSIADLKSRLIKASTSKMTAEL,0
LKLKSIVSWAKKVL,1
IKITTMLAKLGKVLAHV,1
FLPAVIRVAANVLPTAFCAISKKC,1
TTPATPAISILSAYISTNTCPTTKCTRAC,1
GVCDMADLA,1
FLSTLLNVASKVVPTLFCKITKKC,1
VAGRAQGM,1
GSVIGCGETCLRGRCYTPGCTCDHGICKKN,0
SSGWVCTLTIECGTVICAC,1
TPDHREVPSFSSRWEPNFGLTFSK,0
ILGIITSLLKSLGKK,1
GLKDIFKAGLGSLVKNIAAHVAN,1
FNALGLSTRDLVALSGAHTIGQAR,0
SGTSEKERESERLLGVVNPLIKCFRSPCP,1
FMPIIGRLMSGSL,1
GKPFYPPPIYPEDM,0
MDIVNIAWAALMVVSTSSLSPVAWGRSGL,0
CLGIGSCNDFAGCGYAIVCFW,1
ILGPVLGLVGNALGGLIKKI,1
QHLADYDEVDDDRAKLHLDAR,0
CPQTPRCTNYAEKGQCPPN,1
GRKKGVQFDEGAPDDFDPNNPYKKDVAFL,0
QWGRRCCGWGPGRRYCRRWC,1
TVVTQA,1
CYINNCPVG,0
ACAAHCLLRGNRGGYCNGKG,1
GIMDSVKGLAKNLAGKLLDSLKCKITGC,1
IDWLKLGKMVIDAL,1
AGGTSGLYAFPRV,0
GEPEVAKWAEGLREKAASN,0
KSKEKIGKEFKRIVQRIKDFLRNLVPRTES,1
FLPIVGKLLSGLSGLL,1
HVDKKVADKVLLLKQLRIMRLLTRL,1
LPSDATLVLDQTGKELDARL,1
GWFKKAWRKVKNAGRRVLKGVGIHYGVGLI,1
FLPFLATLLSKVL,1
FLPLLAGVVANFLPQIICKIARKC,1
LLGDLLGQTSKLVNDLTDTVGSIV,1
KWCFRVCYRGICYRRCR,0
CRFCCRCCPRMRGCGLCCRF,1
VDSEDLIEAFKIYVEDDNEHLQGSVD,0
SLSINTNTSEMIALQTLDA,0
NLIQLSNMIKCAIPGSRPLFQYTDYGCY,0
VIYIFAR,0
GSNKGFNFMVDMIQALSN,1
QKKDKKDRFYGLF,0
ANNAGARKAIRKIEARTEVN,0
DEGPYKMEHFRWGSPRKD,0
TVVTNA,1
GIGASILSAGKSALKGFAKGLAEHFAN,1
GIGGKILSGLKTALKGAAKELASTYLH,1
EEQEQEQEQDTKMA,0
FLGALLSKIF,1
AALKGCWTKSIPPKPCFGKR,1
TESYFVFSVGM,1
KLKLFKKIGIGKFLHSAKKF,1
FLPLIGKILGTIL,1
EIQNAGLYAILR,0
MEFVAKLFKFFKDLLGKFLGNY,0
MTWTTPAYTELRLGFEITMYIANR,0
FALGAVTKLLPSLLCMITRKC,1
AIGPVADLHI,0
AVWKDFLKNIGKAAGKAVLNSVTDMVNE,0
VGALAVVVWLFLWLW,1
FRWWHR,1
NLLQFENMIRNVAGRSGIWWYSD,0
GSSGLISMTRV,0
FLSLIPHAINAVSAIAKHS,1
DKNKKPIRVGGRRPPGFTPFR,0
QLPICGETCVLGGCYTPNCRCQYPICVR,1
GSTGLIPFGRT,0
SALVGCWTKSYPPNPCFGRG,1
GIGGALLSAGKSALKGLAKGLAEHFAN,1
FFPIVGKRLYGLL,1
CSKGGVGRGYGIG,0
GLLSGTSVRGSI,1
NNLDEIK,0
MDILSLGWAALMTMFTFSLALTVWARNGF,0
RNCESLSHRFKGPCTRDSNC,1
QNRHPPIPPAP,0
SITKIKAREIL,0
GIGGALLSAAKVGLKGLAKGLAEHFAN,1
ADGSDPASSDFLAEGGGVR,0
QYRHRCCAWGPGRKYCKRWC,1
ILGKILKGIKKLF,1
DCPSDWSNHEGHCYRVFNEWMNWAD,0
TRICCGCYWNGSKDVCSQSCC,0
EDRTY,0
GLFDIIKKVASVVGGL,0
FLPIIASVAAKVFSKIFCAISKKC,1
GLFDIIKKVASVIGGL,1
ALSILKGLEKLAKMGIALTNCKATKKC,1
FLSLIPHAINAVSTLVHHSG,0
LKIPGFVKDTLKKVAKGIFSAVAGAMTPS,1
YQEPVLGPVRGPFPIIV,1
GLWSKIKETGKEAAKAAGKAALNKIAEAV,0
GSEIQPR,0
CSCRTSSCRFGERLSGACRLNGRIYRLCC,1
GLPTCGETCFKGKCYTPGCSCSYPICKKN,0
GVIDAAKKVVNVLKNLP,0
FAEPLPSEEEGESYSKEPPEMEKRYGGFM,1
GKITFYEDRNFQGRCYECSTDCPDLSPYFS,0
ILPLLLGKVVCAITKKC,1
FFPIVGKLLSGLL,1
FITGLIGGLMKAL,1
QTCVSCVNFGNGFCGDNCGNSWACSGC,0
FMGSALRIAAKVLPAALCQIFKKC,1
SIQVIVVTDGERGLIYPPLSNIR,0
VGGLIAYDNIEISQIPVGDGVTLC,0
RGGRLCYCRGWICFCVGR,1
KRKCPKTPFDNTPGAWFAHLILGC,1
MKRISTTITTTITITTGNGAG,0
ELIGAANRDTKSFSINRKDAKERVAKAAR,0
GFLGSLLKTGLKVGSNLL,1
GWASKIGQTLGKIAKVGLKELIQPK,1
FCTMIPIPRCY,0
KTHYPTNAWKSLWKGFWESLRYTDGF,1
FLPFIARLAAKVFPSIICSVTKKC,0
VVKCSYRLGSPDSQCN,1
SPAGCRFCCGCCPNMRGCGVCCRF,1
MIYSTEVSNMAGV,0
GVGYKVVVTTTAAADDDDVV,0
GELGRLVYLLDGPGYDPIHCD,1
AVGRHGRRFGLRKHRKH,1
GLMSSIGKALGGLIVDVLKPKTPAS,1
ILPIRSLIKKLL,1
LKLKSIVSWAKKVL,0
PKRKSATKGDEPA,1
MDIVSLAWAALMIVFTFSLSLVVWGRSGL,0
DLWSWGQMIQETGLLPSYTTY,0
GIGGVLLGAGKATLKGLAKVLAEKYAN,1
ILGKIWEGVKS,1
FLFPLITSFLSKVL,1
VVGGEVARAHSWPWQISLQY,0
MTPRGFSCLLLPTSETDLPVKRRT,0
CYCRIPACIAGERRYGTCIYQGRLWAFCC,1
KIKFLKVLT,1
KLAKLAKKLAKLAK,1
MKVTFQGNEVTLQGKEVKVG,0
DGVCSNRRQCNKEVCGSSYDVAIVGA,0
FLPIIAGAAAKVVQKIFCAISKKC,1
AKDVRFGADVRALMLQGVDVLADA,0
GLPVCGETCVGGTCNTPGCACSWPVCTRN,1
FLPIIAGIAAKFLPKIFCTISKKC,1
SPPSEQLGKSFNF,1
VLPLISMALGKLL,0
PIDPGV,0
GFLSTVKNLATNVAGTVIDTIKCKVTGGC,1
MKTISRQAYADMFGPTTGDRLRLADTELFL,0
GLFSVLGAVAKHVLPHVVPVIAEKL,0
FLPILAGLAAKLVPKVFCSITKKC,1
MMKHVIILVILLVISFQAY,0
SLLSLIRKLIT,0
NSELINAILGSPTLFGEV,0
GIGALSAKGALKGLAKGLAEHFAN,0
GAPMFV,0
EVHNFACLGKPDPGGCAHYIYRRYYYV,0
SDTVDIYDAGKILERVII,0
NPKVAHCASQIGRSTAWGAVSGA,1
QGWAWPRPQIPP,0
SLQAATEWLKANNQRGFLGEMGAGSNAD,0
AILELPQSPNVFHPEKPSAVG,0
MDLSRIPPQPKAGILNVLIEIPAGS,0
AVLDFIKAAGKGLVTNIMEKVG,1
GFGSFLGKALKAALKIGADVLGGAPQQ,1
SIGAKILGGVKTFFKGALKELAFTYLQ,1
ALPKKLKYLNLFNDGFNYMGVV,1
GLPICGETCVGGTCNTPGCSCSWPVCTRN,1
GIGKHVGKALKGLKGLLKGLGES,1
DGDMSGEGKGMWFGPRL,0
ADDKNPLEEAFREADYEVFLEIAKNGL,0
MDIISLGWSSLLVVFTFSLSLVVWGRNGF,0
KAEEEVEKNKEEAEEKAEKKIAE,0
RALATQLPVIPRSQVTFLAPVTRPEK,0
FENKVPEKQKLFQEDNGIPVVLKGGVADA,0
FFPAIFRLVAKVVPSIICSVTKKC,0
SGLQFAVLDGQGFIPFSRV,0
FGETSGETKGMWFGPRL,0
WRSLGRTLLRLSHALKPLARRSGW,1
MAIVGTIIKIIKAIIDIFAK,0
GNGVLKTISHECNMNTWQFLFTCC,1
GWTLNSAGYLLGPHAIDNHRSFNEKHGIA,0
GLLNGLALRLGKRALKKIIKRLCR,1
STIVCVSLRICNWSLRFCPSFKVRCPM,1
RKFHEKHHSHRGY,1
MRNLQPNMSRWAFFAKSVGTWNKSSCRS,0
AFKLLGRIIHHVGNFVYGFSHVF,1
FIFPKKNIINSLFGR,1
GLKEIFKAGLGSLVKGIAAHVAN,1
MKWETPTATDLRFGFEITMYVSAR,0
FLSLLPSIVSGAVSLAKKL,1
SVALQVTVDAVSGSAKEKITAAGTVTELV,0
RQRHPDCDKPPDTGN,0
SIGFDGLNDPDIVAR,0
GIGGVLLSAGKAALKGLTKVLAEKYAN,1
DRYERGDVNLDLKGF,0
ELYENKPRRPYIL,1
KRIVQRIKDFLR,1
FFHHIFRGIVHVGKTIHKLVTG,1
RGGRLCYCRRRFCVCVGR,1
ITIPPIVKDTLKKFIKGAISSVM,1
GVWSTVLGGLKKFAKGGLEAIVNPK,1
GLWEKVKEKANELVSGIVEGVK,0
NPQSCRWNMGVCIPISCPGNMRQIGTCS,1
TVYTQA,1
GLLQTIKEKLKEFAGGVVTGVQS,0
IRPRPTARPPYINRPPNPFKPRW,1
AIGFDGLNDPDIVAR,0
FMGGLIKAATKALPAAFCAITKKC,0
MAWTAPKITEVPLGAEINSYVCGQKK,0
MFFSSKKCKTVSKTFRGPCVRNAN,1
TLRGDERILSILRHQNLLKE,1
QGPWMEEEEAAYGWMDF,0
VIPFVASVAAEMMPHVYCAASRKC,1
ILGKLLSTAAGLLSNL,1
DINGGGATLPQALYQTSGVL,0
LLKELWTKIKGAGKAVLGKIKGLL,0
FLPIIASVAAKVFPKIFCAISKKC,0
SAALAGTIIDGASLGFDILNKV,0
SLKDKVKSMGEKLKQYIQTWKAKF,1
MMKLLIIVVLLVISFPAY,0
GLIGSIGKALGGLLVDVLKPKLQAAS,0
IDWKKVDWKKVSKKTCKVMLKACKFLG,1
GFPCGESCVFIPCISAAIGCSCKNKVCYRN,1
GICRCICTRGFCRCICVL,1
GTQTNAPWGLARLIS,0
FLPFIARLAAKVFPSIICSVTKKC,1
GIMDSVKGVAKNLAAKLLEKLKCKITGC,1
NGRRYTTYGCSPPVT,0
TPVVNPPFLQQT,0
FLSLIPHAINAVSAIAKHFG,1
GFCRCICTRGFCRCICTR,1
ACYCRIPACFAGERRYGTCFYLGRVWAFCC,1
SLIPHAINAVSAIAKHF,0
LGEFAPTRTYRGHDKKDNKKDNKKGQKK,0
AIHDILKYGKPS,1
AQTPVKVTVTGAAGQIGYALLFRI,0
KAEEEVEKNKEEAEEEAEKKIAE,0
FLPLLLAGLPLKLCFLFKKC,1
GIPCAESCVYIPCTITALLGCKCQDKVCYD,0
GILGTVFKAGKGIVCGLTGLC,1
GIGGALLSVGKSALKGLTKGLAEHF,1
GLFDVIKKVASVIGLASP,1
FLSLIPHAINAVSAIAKHN,1
YDGTNCKPGVCWEPKPGY,0
ASGENQAELKLATHNVYML,0
QKLCERPSGTWSGVCGNNNACKNQCIN,1
KTCENLADTY,1
FLPIASLLGKYL,1
GLWNKIKEAASKAAGKAALGFVNEMV,1
CTTCECCCSCS,1
ADDRNPLEECFRETDYEEFLEIARNGLKKT,0
FLSTLLNVASNVVPTLICKITKKC,1
GGLIKIVPAMICAVTKKC,1
GLLSVLGSVAKHVLPHVVPVIAEKL,0
ALWKNMLKGIGKLAGKAALGAVK,0
RDPTGCEVDQVIMVKRHGERYPSPSAGK,0
GLPCGETCFTGKCYTPGCSCSYPICKKIN,0
YPGPQAKEDSEGPSQGPASREK,1
NQEGLFHGR,0
GLKDWVKIAGGWLKKKGPGILKAAMAAATQ,1
NIQIICCKHTPACCT,0
SNGSNIDVAGAVNTLVETAGKLFQ,0
MDTKLGLVEEEAAN,0
NALSSPRNKCDRASSCFG,1
GFFDLAKKVVGGIRNALGI,1
ILPFVAGVAAEMMEHVYCAASKKC,1
NACSSDLNSK,0
FISGLIGGLMKAL,1
GLFDIVKKIAGHIAGSI,1
VIPFVASVAAEMMHHVYCAASKRC,1
KWKLFKKVLKVLTTG,1
RVCYAIPLPICY,1
FFGTALKIAANILPTAICKILKKC,1
WNDTGKDADGSEY,1
GLVTSLIKGAGKLLGGLFGSVTGGQS,1
FWGALIKGAAKLIPSVVGLFKKKQ,0
THPSVLPFIKQLIGTMDSVRGLPR,0
SILSGNFGVGKKIVCGLSGLC,1
FVDLKKIANIINSIFGK,1
GLLQTIKEKLESLESLAKGIVSGIQA,0
GLVPPADKY,0
GLWQFIKDKFKDAATGLVTGIQS,1
GFFGKMKEYFKKFGASFKRRFANLKKRL,1
GIPCAESCVWIPCTVTALLGCSCSNKVCYN,0
LKCEWDGLVGTRGEIAKETIER,0
SLVSLNEPKDEIYMESQP,0
GVGSFIHKVVSAIKNVA,1
RPKPQQFFGLM,1
FLGGLIKWKWPWWPWRR,1
LKLLKKLLKLLKKLGGGK,1
SMISVLKNLGKVGLGFVACKVNKQC,1
NLFQFGEMILEKTGKEA,0
MDIVSLTWAALMVVFTFSLSLVVWGRSGL,0
DEPKPDQFVGLM,0
EQQCTPGQTKKEDCNNCTSGD,0
FLPGVLRLVTKVGPAVVCAITRNC,1
SKDNYKNYIPLIVPFAT,0
FGTYGHPRPRFYYNP,0
MDIVNIAWAALMVVSTFSLTLVVWGRSGL,0
DLAGEIHGLSNVK,0
LLKELWTKMKGAGKAVLGKIKGLL,1
CLIQDCPEG,0
GLFDIVKKVVGAIGSL,0
GWLPTFGKILRKAMQLGPKLIQPI,1
LNLTKWLGKLGVILSHLNK,0
GADFQECMKEHSQKQHQHQG,0
FLHHIVGLIHHGLSLFGDRAD,1
VNHALCAAHCIARRYRGGYCNSKAVCVCR,1
LSLIPHIVSGVASIAKHF,1
QKKDRFLGLF,0
RRPWRWPWWPWRR,1
GEYCGESCYLIPCFTPGCYCVSRQCVNKN,1
HGVSGHGQHGVHG,0
IIEKLVNTALGLLSGL,1
VSTAPYGAWQSPID,0
GLLDALSGILGL,0
GGGGTSGLFAFPRV,0
EPHPDEFVGLM,1
DCYCRIPACIAGERRYGTCIYQGRLWAFCC,1
GMASKAGSVLGKVAKVALKAAL,1
AADDVTVVIGSAAPMSGPQ,0
GVWSTILGGLKKFAKGGLDAIVNPK,1
ECRRLCYKQRCVTYCRGR,1
GIMDSVKGLAKNLAGKLLDSLKCKITGC,0
VIGGDECNINEHRFLVALYDPDGFLSGGIL,0
VRDICKKEAERQDLSSCENYITQRRGY,1
GIGGALLSAGKSALKGLAKGLAEHL,1
FLPIPRPILLGLL,0
FQPSLVLDTAKILLDNYTFPESLMG,0
KTCENLADTFRGPCFATSNC,1
LPFVAGVAAEMMQHVYCAASKKC,1
QLYENKSRRPYIL,0
GFWGSLWEGVKSVV,1
MWTKPAYTDLRIGFEVTMYFASR,0
FLGGLIGPLMSLIPGLLK,1
GLLDALSGILGL,1
DCPSDWSPYEGHCYRVFTEPQNWADAEKFC,0
SVTADNASETKVREIGQEKSS,0
SFREQCVPGREITYECLNACAEYAVRQ,0
GLWQKIKSAAGDLASGIVEGIKS,1
MRAKWRKKRVRRLKRKRRKVRARSK,0
PAPESGFIRDP,0
FLPAVIRVAANVLPTVFCAISKKC,1
IIGHLIKTALGMLGL,1
GFMDTAKQVAKNVAVTLIDKLRCKVTGGC,1
ARCENFADSYRQPPISSSQT,0
ILPILSLIGGLLGK,1
EQCREEEDDR,1
TRTPVNVTVTGAAGQIGYAL,0
EGPVGLADPDGPASAPLGAP,1
SDYSRKRDPPQKYEEE,1
MDPTVGWIALLAFFVVSIALVVWGRNGF,0
PNPKVFFDMTIGGQSAGRIVMEEYA,1
NVDFNSESTRRKKKQNEIVDLHNSLRRTVN,0
LLGMIPLAISAISALSKL,1
IIGAIAAALPHVINAIKNTFG,1
CLRIGMRGRELMGGIGKTM,1
PFKLSLHL,1
MNEQSMKPYVIGLDLGGTNSVFGIV,0
KWKLFKKIGIGAVLKVLTTG,1
FLPLILRKIVTAL,1
ILGKFCDEIKRIV,1
MINGWTGNILRINLTTGAIS,0
GDCGCSGASSCTCASGQCTCSGCGK,0
KFFRKLKKSVKKRAKEFFKKPRVIGVSIPF,1
NWRKILGQIASVGAGLLGSLLAGYE,0
ESQKVQGDVIGVDLGTTYSCVA,0
MADAAVHGHGDHHDTRGFFTRWFMS,0
FFGSVLKVAAKVLPAALCQIFKKC,1
GTPCGESCVWIPCISSAVGCSCKNKVCYKN,0
SADQPNSIPPRERKAGCKNFYWKGLTSC,0
VPPVYADLGKGARDLFSKGYNYGFSKL,0
INMKASAAVAKKLL,1
HSDGTLTSELSRLRDRARLQRLLQGLL,0
NEVDIVGALNADLTQFL,0
CSTNTFSLSDYWGNKGNWCTATHECMSWCK,1
GCPRILMRCKQDSDCLAGCVCGPNGFCGSP,0
VDKGSYLPRPTPPRPIYNRN,1
GLLDAIKDTAQNLFANVLDKIKCKFTKC,1
AVLDILKDVGKGLLSHFMEKV,1
ALWKNMLKGIGKLAGQAALGAVKTLVGA,0
GLFSKFAGKGIVNFLIEGVE,1
FFPIVGKLLFGLSGLL,1
MVSEAIAALKEREGSSEFAIGKKKE,0
GLNALKKVFQGIHEAIKLINNHVQ,0
ALWMTLLKKVLKAAAKALNAVLVGANA,0
LPTGPNNPTTLDNSSII,0
FLPLVTMLLGKLF,1
GWKKWFNRAKKVGKTVGGLAVDHYL,1
AFELPALPYAKDALEPHISA,0
IKIMDILAKLGKVLAHV,0
RRWCFRVCYRGFCYRKCR,0
MLTYTGTVINVQTFAAKPDP,0
TDPDADKGEFLAEGGGVR,0
GSGVIPTISHECHMNSFQFVFTCCS,1
SRLPPATRDKLADEITFFPA,0
MFSLSNSQYTCQDYISDHIWKTSSH,0
GATAIKQVKKLFKKWGW,1
VISIIPV,1
SIPASQKANLGNQMIMAVACYQN,0
SIFAFQDESPSAIAQAKLFK,0
LVSSIGRALGGLLADVVKSKGQPA,1
AVWQFREMIKCTIPPSDDLLDF,0
CRQSCSFGPLTFVCDGNTK,1
MATQGFSCLLLSVSEIDLSMKRQYKQIR,0
SVIELGKMILQETGKNPVTHYGA,0
CKQSCSFGPFTFVCDGNTK,0
FLSTIWNGIKSLL,1
GLFDIVKKVVGALGSL,0
KLALKALKALKAALKLA,1
LWTRDYAGVYEAIRGFDWSQDAK,0
GLWQKIKNAAGDLASGIVEGIKS,1
ESYFVFSVGM,1
QNWPRPQIPP,0
DWTAWSALVAAACSVELL,1
ADNKNPLEECFRETNYEEFLEIAR,1
DDPTSTFTCPGGSNYK,0
KTKKKFLKKT,1
ALSILRGLEKLAKMGIALTNCKATKKC,1
FRPALIVRTKGTRL,0
GLMSTLKGAATNVAVTLLNKLQCKLTGTC,0
AEVQDKGEFLAEGGGVR,0
GFKNVALSTARGF,0
FFPLALLCKVFKKC,1
FLPAVIRVAANVLPTVFCAISKKC,0
FLPFLAKILTGVL,1
RICRCICGRRICRCICGR,1
YSLQMGATAIKQVKKLFKKWGW,1
MTTKFVFDLLAPDDILHPSNHVNLIIRPI,0
DLLTTIKRVKESMKRRT,0
SFSVNPAVDILQHRYMEKVAQNNRNFLNRV,0
GFGSLFKFLGKKLLKTVAKQAAKKQME,0
GIHDILKAGKPS,1
GDGTGPGPGP,1
FYAGLILTLVNTFPYNISPASS,0
FMGTALKIAANVLPAAFCKIFKKC,1
FLPIIAGVAAKVFPKIFCAISKKC,1
ILGTILGLLKGL,1
AYAQWVIIII,0
HVDKKVADKVLLLKQLRIMRLLTRL,0
LMDTVKNVAKNLAGHMLDKLKCKITGC,1
ITIPPIIKDTLKKFFKGGIAGVMGKSQ,1
KAYSMPRCKGGFRAVMCWL,1
AWLLAIRKR,1
KLSGCFGFKLDRIGTMSGLGC,0
FLPFLKSILGKIL,1
TPPQPADNFIRF,0
MRNISLTTTIITTTDTTGNGAG,0
VTIGKEGTLT,0
MSKGYVWVVDDDSSIRWVMEKTSPLPT,0
FFPIIAGMAAKVICAITKKC,1
GAGEALNAKRQQDVNHLLDLIYDHLHY,0
VDTSRLFLTVVNNPPTVV,0
LKKLLKKLKKLLKK,1
FLNPFRWVINKYR,0
NQDCRPGWSFYEQNCYKVF,0
GLPICGETCFKTKCYTKGCSCSYPVCKRN,0
AALRGCWTKSIPPKPCPGKR,1
FLPAVLRVAAKIVPTVFCAISKKC,1
MFFSSKKCKTVSKTFRGPCVRNA,1
ALSILKGLEKLAKMGIALTNCKATKKC,0
AVLDTALSGIDKVLHGSIDAHKAD,0
FIGGIISFIKKLF,0
AQENETNESGSID,0
MNVQFTVNGRAASIDVPPNTLLVQ,0
AMVGT,1
GIMDTVKNAAKDLAGQLDKLKCRITGC,1
GYNRSFLRF,0
GICPRILMECKRDSDCLAQCVCKRQGYCG,0
AESGFQPVVDRKGD,0
GIFGKILGAGKKVLCGLSGLC,0
FLSAITSILGKFF,1
SGTSEKERESGRLLGVVKRLIVCFRSPFP,1
GIPCGESCVWIPCISAALGCSCKNKVCYRN,1
KHSLPDLPYDYGA,0
MNNTEFYDRLGVSKDASQDEIKKA,0
QFPTDYDEGQDDRPKLGLGAR,0
MWTKPAFEDIRLGFEITMYAAVE,0
MQFITDLIKKAVDFFKGLFGNK,1
SVLGSVAKHVLPHVVPVIAEHL,1
RKKWFW,1
ATRVVYCNRRSGSVVGGDDTVYYEG,0
LEEQSFSFTKFSTDQQNLILQAHY,0
SRSELIVHQR,1
GRPNPVNNKPTPHPRL,1
SQPSMRLRF,0
NLQYLKNMIKCTNTRHWLSFTNYGCYCG,0
SALVGCWTKSWPPKPCFGR,1
GLKDWWNKHKDKIIAVAKEMGKAGLQAA,1
INWKKIAEVGGKILSSL,1
KRRHWFPLSFQEFLEQLRRFRDQLPFP,1
FLGALAKIISGIF,1
GLWSKIKTAGKSVAKAAAKAAVKAVTNAV,0
FLSTLWNAAKSIF,1
FLSLIPSLVGGSISAFK,1
GLLASLGKVLGGYLAEKLKPK,1
DDDDDD,1
IEMAEGGNDNIGNESIK,0
QGGGPQWAVGHFM,0
DLLTAIKRVKESMKRRT,0
GLRDFNVAVRASNGKYWTRRPESGTLV,0
HRHQGPIFDTRPSPFNPNQPRPGPIY,1
APPGARPPPGPPPPGPPPPGP,1
GLSRSCFGVKLDRIGSMSGLGC,0
VGTALGSLAEELNGYNRKKGGFSFRF,0
GMFTNMLKGIGKLAGQAALGAVKTLA,1
NLYQFKNMIQCTTKRSVLEFMEYGCYC,0
AQVESVCPGVVSC,0
ILPLVGNLLNDLL,0
SMLSVLKNLGKVGLGLVACKINKQC,1
FVNTIRLLINKAREWNNKQSS,0
GIGGKILGGLKTALKGAAKELASTYLH,1
MAQDIISTISDLVKWIIDTVNKFTKK,0
GKTKGVTSGLIAFPRL,0
GLLRASSVWGRKYYVDLAGCAKA,1
HSDAVFTDNYTRLRKQMAVKKYLNSILN,0
FLPILASLAAKFGPKLFCLVTKKC,0
IVGGTAADISQFPHQLSLQTT,0
MRVNKESLQMNTYISLHGWWRTSLLRAV,0
MRYISLNTTIITTTETTGYGAG,0
ADNKNPLEECFRETNYEEFLEIAR,0
SCLEYGHSCWGAH,0
ISAVKEMTVRDALNSA,0
KIKIPWGKVKDFLVGGMKAV,1
GFGEDIAMKQHQVNSLLDILFVF,0
VTFVEGGPMKYSLIEGDALANK,0
FLPLIASLAANFVPKIFCKITKKC,1
SQISLRGSNLTI,0
FFRLLFHGVHHVGKIKPRA,1
GLIGSIGKALGGLLVDVLKPKLQAAS,1
GIPCGESCVWIPCISSAIGCSCKSKVCYRN,0
VIGGDECNINEHRSLALVY,0
MVEYLVILSGMFGLALACFFGLRSIKLI,0
KYYGNGVHCGKHSCTVDW,1
ETDLLLDDSLVSLFGNRR,0
GWFDVVKHIASAV,1
AVTSSVADTTTVVRDDF,0
APPGFTPFRS,0
SKITDILAKLGKVLAHV,1
GNAACVIGCIGSCVISEGIGSLVGTAFTLG,1
GHHPHGHHPHGHHPHGHHHPH,1
GLFSVLGAVAKHVLPHVVPVIAEKL,1
AAKIKKGDNVVVLTG,0
GDDVKSACCDTCLCTKSNPPICRCVDIRET,0
HSDGTFTSELSRLRDSARLQRLLQGLV,0
AIEVQTVTLIPGD,0
ENFAGGCTPGYQRTADGRCKATF,0
SANTKNDFMRF,0
GVLSNVIGYLKKLGTGALNAVLKQ,1
KVCYRAIPCGESCVWIPCISAAIGCSCKN,1
CKHQCMSTRGDQARKICESVCM,1
GLVSSIGKALGGLLADVVKTKEQPA,1
FALALKALKKALKKLKKALKKAL,1
GGPSQKQKQHKVNLVNIKVYI,0
MEIDVLGWVALLVVFTWSIAMVVWGRNGL,0
GLWSKIKEAGKAAVKAAGKAALGAVADSV,0
GLFDIIKNIVSTL,0
AAGLFQFPRV,0
GLPTCGETCFKGKCYTPGCSCSYPICKKD,0
LLRHVVKILEKYL,1
FFPIVGKLLSGLSGLL,1
GLLSGVLGVGKKVDCGLSGLC,1
GIWGTLAKIGIKAVPRVISMLKKKKQ,1
FLPLIGKVLSGIL,1
GLLSVLGSVAQHVLPHVVPVIAEHL,0
INWLKLGKAVIDAL,0
PVVDTTGNNPLQQQEEYYV,1
SKGKKANKDVELARG,1
NLIQFANMIGCANHGSR,0
IRCPKSWKCKAFKQRVLKRLLAMLRQHAF,1
IDWKKLLDAAKQIL,1
FGVLNFF,0
VEVATVKNCGKKLLATPR,0
RDWERREFERRQNELRREQEQRREELL,0
GVIKSVLKGVAKTVALGML,1
MRDKWRKKRVRRLKRKRRKMRARSK,0
SLVELGKMILQETGKNPVTYGAY,0
ILGTILGLLKSL,1
SLGPAIKATRQVCPKATRFVTVSCKKSDCQ,1
FLPLLAGLAANFLPTIICKISYKC,1
FIITGLVRGLTKLF,1
MENGKVHVASMSGLSMPHMNEMLEK,0
SRDIVSVYDD,0
GIFGKILGVGKKVLCGLSGMC,0
SASPGLPKGEKEQQEAIEHIDE,0
ENFAGGCATGFLRTADGRCKPTF,0
GIGTKILGGVKAALKGALKELASTYVN,1
GLLDFLKAAGKGLVTNL,1
GLFDIIKKVASVVGGL,1
GLWQFIKDKLKDAATGLVTGIQS,1
QDLDHVFMRF,0
IDWKKLLDAAKQIL,0
TTPACFTIGLGVGALFSAKFC,1
MKLLCWQKSIHGS,0
VIDDLKKVAKKVRRELLCKKHHKKLN,0
MRTGNAN,1
ILGAILPLVSGLLSSKL,1
FGNQQQLKSVADIVINHR,0
WNETSDKDLYTDSR,0
GLFVGLAKVAAHNNPAIAEHFQA,1
VFHLLGKIIHHVGNFVYGFSHVF,1
RLPWRWPRRPWRR,1
DAHGSGNAHKQQDINHLLD,0
ACYCRIPACLAGERRYGTCFYLGRVWAFCC,1
GILDAIKAIAKAAG,1
GLLDTIKGVAKTVAASMLDKLKCKISGC,0
RLCRIVVIRVCR,1
KSKEKIGKEFKRIVQRIKDFLRNLVPR,1
ITCPQVTQSLAPCVPYLISG,0
GLLKRIKTLL,1
MALNLQDKQAIVAEVSEVAKGALS,0
NSATTAVYSFQDWVSA,0
GSSGMIPFPRV,0
CVHWMTNTARTACIAP,1
FLPAIVGAAGKFLPKIFCAISKKC,1
FLPLIGRVLSGIL,0
NPLFGIAGEDGPTGPSGIVGQ,0
EPNPDEFVGLM,1
SGTSEKERESGRLLGVVKRLIVGFRSPFR,1
DNWWPKPPHQGPRPPRPRPKP,0
YDRYEVVYR,0
GIPCGESCVYIPCTVTALAGCKCKSKVCYN,0
GDACGETCFTGICFTAGCSCNPWPTCTRN,1
HAKDVVFGGEARARMVEGVNILANA,0
GIPCGESCVFIPCITSVAGCSCKSKVCYRN,1
GLFDIVKKIAGHIVSSI,1
ILPILGNLLNSLL,1
SGSAKVAFSAIRSTNH,0
GLFDKLKSLVSDF,1
NYQYSPPPPPKKKYY,0
ITIPPIVKDTLKKFFKGGIAGVMGKSQ,1
ARCEQCPSYCCQSDSPPECDGCE,0
VATSEPNRYFNPYSYVELIITVDHS,0
LFGFLIKLIPSLFGALSNIGRNRNQ,0
GIPCGESCVWIPCISAALGCSCKNKVCYRN,0
ICIFCCGCCHRSKCGMCCKT,1
MKVFVLNGPNLGRLGKREPA,0
SATAAREEYQRKRSQFIEIG,0
AKEFGIPAAVAGTVLNVVEAGGWVTTIVSI,1
CYSAAKYPGFQEFINRKYKSSRF,1
VPPGFTPFRVD,0
MNRISTTTITTITITTGNGAG,0
AYGEAANVFGAPK,0
GLLSGILGAGKNIVCGLSGLC,1
GILSGVLGMGKKIVCGLSGLC,1
GFMNTAKNVAKNVAVTLLDNLKCKITGGC,1
FMGGLIKAATKIVPAAYCAITKKC,0
FFLPSLIGGLISAIK,1
SALVGCWTKSYPPKPCFGR,1
GIFLDKLKNFAKGVAQSLLNKASCKLSGQC,1
FFPLVLGALGSILPKIF,1
LENRVAEKQKLFQEDNGLPVHLKGGATDN,0
NLVQFELLIMKVAKRSGLLSYSA,0
GLWQKIKDKASELVSGIVEGVK,1
MKCNKMNRVQLKEGSVSMTL,0
AAFRGCWTKNYSPKPCL,1
MGKGDRRTRRGKIWRGTYGKYRPRKKK,0
FSLLPSLIGGLVSAIK,1
INLKALAALAKKIL,1
LAKTVPLNDGTNFPIFGG,0
VNWKKVLGKIIKVAK,1
VNWKKILGKIIKVAK,1
FLGGLWKAMSNLL,1
FLPLLFGAISHLL,0
SGLQFAVLDGQGFIPFPRV,0
FLGSLIGAAIPAIKQLLGLKK,1
FLGGLIKRVPAMICAVRKKC,1
FLGKKVLKAVGKQAAKKQME,0
FLPKLFAKITKKNMAHIR,1
GHKLGEFAPTRTFRGHKKEDKKVKR,0
NALSMPRNKCNRALMCFG,1
GLVASIGRALGGLLADVVKSKEQPA,0
ILPLVGNLLNDLL,1
GWKDWLNKGKEWLKKKGPGIMKAALKAATQ,0
VVGGDECNINEHRSLALMYA,0
MEDEGAGG,0
GLLDTIKNTAKNLAVGLLDKIKCKMTGC,1
GAYGQGQNIGQLFVNILIFLFY,0
AVPAVRKTNETLD,1
MNAAIFRFFFYFST,0
SCNCVCGFCCSCSP,1
GLKDWWNKHKDKIVEVVKEMGKAGLNAA,1
QSHISKARRPYIL,0
MQNQRIRIR,0
LLSTLTDTSIKEAVATDKAP,0
IPQDLSGKMLTFPKEEDDDDVKLMTPK,0
FLPIVGRLISGLL,1
DSAAGAVRAGDDETLLKPVLNSLDNLVSGL,0
QDYCAQEGQQEVQRKDLSDLERYLRQSRQR,1
GLFDIVKKVVGTLAGL,1
MEILTLGWVSLLVVFTWSIAMVVWGRNGL,0
VTSWSLCTPGCTSPGGGSNCSFCC,0
VKLFPVKLFP,1
RPKHPIKHQGLPQEVLNENLLRF,1
ALGGLLADVVKSKEQPA,1
DCLPGWSVYEGRCYKVFNQKTWKAAEKFC,0
GGAGHVPEYFVGIGTPISFYG,1
GRFKRFRKKFKKLFKKLSPVIPLLHLG,1
GLFDIVKKVVGALGSL,1
FIGGIISFFKRLF,1
FLIGMTQGLICLITRKC,1
RNCESLSHRFKGPCTRDSN,1
AGEPANNEDRFNY,0
AWLDKLKSLGKVVGKVALGVAQNYLNPQQ,1
FISAIASMLGKFL,0
LEIADLAQYVVDLTAR,0
EASGETFVAENDACKCGSDCKCNPCTCK,0
GLPCGESCVFIPCITTVVGCSCKNKVCYND,0
ATAVDFGPHGLLPIRPIRIRPLCGKDKS,1
AEIDFSGIPEDIIKEIKETNAKPPA,0
RRPWRWPRWPWRR,1
VVNTPGHAVSYHVY,0
FLPAVLLVATHVLPTVFCAITRKC,1
MITDSQVFIGLVIALVPAILAFKLGLSLYE,0
SILPTIVSFLSKVF,1
NSVVLGKKQRFHSWG,0
GIGAAILSAGKSIIKGLANGLAEHF,0
ALWKDILKNAGKAALNEINQIVQ,1
GLLGSIGNAIGAFIANKLKP,0
GIFDKLKNFAKGVAQSLLNKASCKLSGQC,1
LLPILGNLLNGLL,0
IILELAAVDSASGKLLINGNFK,0
SITKIKAREILD,0
GILDSLKNLAKNAGQILLNKASCKLSGQC,1
FIGPVLKIAAGILPTAICKIFKKC,1
SKITDILAKLGKVLAHV,0
SPVAASYRATAGLAGKALDF,0
EVVRSNNFDPSKLSGKWYSILLASDRKE,0
QKIAEKFSGTRRG,1
AMAGTATVQGQGTR,0
NILNTIINLAKKIL,1
MAVKAISGCDKDQELI,0
DQAAGVAAIIEIDNIFSESEVISK,0
SWFSRTVHNVGNAVRKGIHAGQGVCSGLGL,1
FASLLGKALKALAKQ,1
FVPIFTHSELQKIREKERNKGQ,0
ITPATPFTPAIITEITAAVIA,1
SGGGKEAAETFNRVESHPRPDA,0
GLLASLGKVFGGYLAEKLKPK,0
LLSLALAALPKLFCLIFKKC,1
GTPGFQTPDARVISRFGFN,1
EDDHHHHHHHHHGVGGGGGGGGGG,0
MKVKVDADACIGCGVCVELCP,0
APLEDEDDLELLEKVKRDRKKRLERQGAIN,0
GLLDFAKHVIGIASKL,1
APAKCTPYCYPTHDGVFCGVRCDFQ,1
TGVNYGQLGNNLP,0
RLHQNGMPFSPRL,0
LVSGCADLTALAAR,0
GLWEKVKEKANELVSGIVEGVK,1
TPSDGFMGMR,0
GIKDWIKGAAKKLIKTVASHIANQ,0
CPFVC,1
FLLFPLMCKIQGKC,1
MPSQKSPTKRSPTKRSPQKGGKGAKR,0
DTHISEKIIDCNDIG,1
IIGPVLGLVGKPLESLLE,1
AGETHTVMINHAGRGAPKLVVGGKKLS,1
GTRCGETCFVLPCWSAKFGCYCQKGFCYRN,1
IIGPVLGMVGSALGGLLKKI,1
GLGPRPLRF,0
RICRIIFLRVCR,1
ALCNCNRIIIPHMCWKKCGKK,0
ENFSGGCVAGYMRTPDGRCKPTFYQ,0
MGNISPLTGTNGEIR,0
VDWKKIGQHILSVL,0
RPWAGNGSVHRYTVLSPRLKTQ,1
VTVVQYRSTNASSGYLNLRVYLLDTGLR,0
FLGGLIKIVPAMICAVTKKC,1
MDYLITFYHSPQTNS,0
MAAACRCLSLLLLSTCVALLL,0
TVVRRRGRSPRRRTPSPRRRR,1
GAGSQEERMQGQMEGQDFSHEERFLSMVRE,1
SFHVFPPWMCKSLKKC,1
LLPIVGNLLKSLL,1
KWKLFKKIGIGAVLKVLT,1
GKAFDDGAFTGIREINLSINKETAIGD,0
GFGSFLGKALKAALKIGANVLGGAPQQ,1
QKVAVRLKEVVYTLSPHQQN,0
TLRGDERILSILRHQNLLKELQDLALQGAK,1
FLPILGKILGGLL,0
GLVSSIGKVLGGLLADVVKSKGQPA,1
MHIVVCIKQVPDSAQIRV,0
GIFTFEDESTTTVAPAKLYK,0
FFSLIPSLIGGLVSAIK,1
DLWNSIKDMAAAAGRAALNAVTGMVNQ,0
QDYCAQEGQQEVQRKDLSDLERYLRQSRQR,0
SCSSGCSDCNSDSCQCTLNQFTNSDSCCC,0
QKKDKKDKF,0
ADDKNPLEEAFREADYEVFLEIAKNGL,1
GVLDILKGAAKDLAGHVATKVINKI,1
GLKKLLGKLLKKLGKLLLK,1
FVGAALKVLANVLPPVISWIKQ,0
FFSMIPKIATGIASLVKNL,0
GQNFTSDKDLYTDSR,0
SASSGESSGMWFGPRL,0
FINTIKLLIEKYREWKNKQSS,0
GILKKFMLHRGTKVYKMRTLSKRSH,1
AEVPMPLRQLTMTLPDGREESVMERTTLVA,0
GSNKGFNFMVDMINALSN,1
GLLDGLLGTLGL,0
SEKITVFQKNFQVTENSSHFV,0
GLWSKIKEAAKTAGLMAMGFVNDMV,1
ESGINLQGDATLANN,1
GAARKSIRLHRLYTWKATIYTR,1
GIPCAESCVYIPCTITALLGCSCKNKVCYN,0
MRAKWRKKRMRRLKRKRRKMRARSK,0
FFTTFDKDNDDQQNDN,0
GLWSTIKNVAAAAGKAALGAL,1
HDRPKFCYLPADPGECMA,0
VIGGDECNINEHRFLVALYDF,0
MKYNPRVSSNRRKS,0
ETLFDPCSTQDIKKVGV,0
MTRSLKKNPFVANHLLNKIDKLNT,0
GLWNKIKEAASKAAGKAALGFVNEMV,0
GIPCGESCVWIPCISSAIGCSCKSKVCYRN,1
FLPLVGKILSGLI,1
LPASVDWRKEGAVLPIRHQGQCG,0
PVPDSSFLRDP,0
KAWFVLSMRAVGGLFVDLWTSVAKTVKGWL,0
ADPTFGFTPLGLSEKANLQIMKAYD,1
GIMDSVKNAAKNLAGQLLDTIKCKITAC,1
AIMDTIKDTAKTVAVGLLNKLKCKITGC,1
NRQPSKYGLEETI,0
MNEAKSLFTTFLILAFLLFLLYAFYEAAF,0
GIFGKILGVGKKVLCGLSGWC,1
ALWKNMLKGIGKLAGQAALGAVKTLVGAE,1
FRLDEEFQGPIASQVRRQFLFRPRN,0
GLSQGVEPDIGQTYFEESRINQD,1
GEEEYQKMLENLREAEVKKNA,0
ATVVAPKYTAIKPLGDRVLVK,0
ATDYDEEEDDRVKVRLDAR,0
GWRLLLKKAEVKTVGKLALKHYL,1
MIDDSQIFVALLFALVSAVLAIRLGKELYQ,0
EAYAFGL,0
TETTEGDFIAEGGGVR,0
IIGPVLGLVGSALGGLLKKI,1
MNPCSSNCSCGASCTCSGCSSHKK,0
EVEMLGDELRTLNQNLGLMR,0
SLIPHAINAVSAIAKHF,1
MDILTLGWVSVLTLFTYSIAMVVWGRHGM,0
DLARNLGLVDIDDEYDEDSDKEKPIFNV,0
GLLGSIGNAIGAFIANKLKPK,1
GSLCGDTCFVLGCNDSSCSCNYPICVKD,0
FLPFLASLLTKVL,0
GLISGILGVGKKLVCGLSGLC,1
GRRKRKWLRRIGKGVKIIGGAALDHL,1
SLIQFETLIMKVAGQSGMFSYSA,0
FLPIVGKLLSGLL,1
NLLGSLLKTGLKVGSNLL,1
GIRCPKSWKCKAFKQRVLKRLLAMLRQHAF,1
AMASSLLSGWGGPTTLLVAPM,0
GWRTLLKKAEVKTVGKLALKHYL,1
GIPCGESCVFIPCLTSAIDCSCKSKVCYRN,1
QRFIHPTYRPPPQPRRPVIMRA,0
MKNPRVHEIATAMIDAVRKVLVDHQ,0
ALPCPYGCPLRCCHMTDGVCLRNKQGC,0
SPTEQPYSSAAPLI,0
RCVCTRGFCRCVCTRGFC,1
KKIEEEAAAAGATAE,0
MNSVQFKNHHHHHHPD,0
GFIGWGNNIFGHYSGDF,0
FFPIIAGMAAKLIPSLFCKITKKC,1
GLLGSLFGAGKKVACALSGLC,1
FRSGILKLASKIPSVLCAVLKNC,1
EPFKISIHL,0
FLSIIAKVLGSLF,1
FISAIASFLGKFL,1
THLFQPSLVLDMAKVLLDN,0
EGGGNRGDPSGVC,0
FLGGLMKAFPALICAVTKKC,1
INWDILIDTIKDKL,1
GCWSTVLGGLKKFAKGGLEAIVNPK,1
FFGWLIKGAIHAGKAIHGLIHRRRH,0
PTHIKWGD,0
REVCELNPDCDELADHIGFQEAYR,0
GVVDTLKNLLMGLL,1
LTTKLWSSWGYYLGKKARWNLKHPYVQF,1
GIFGKILGVGKKTLCELSGMC,1
IIGHLIKTALGFLGL,1
EPFKLSLHL,1
FLSLIPAAISAVSALADHF,0
GEFLKCGESCVQGECYTPGCSCDWPICKKN,1
GLLGLLGSVVSHVLPAITQHL,1
MEWYPEAAANAERYTQIVWYK,0
SNTSHQDFHLFYGDNGMPVH,0
GLFDIIKNIFSGL,1
MGTTTMGVKLDDATRERIKSAASRID,0
QFPTDYDEGEDDRPKSGLGAR,0
GLLGSIFGAGKKIACALSGLC,0
GLVDVLGKVGGLIKKLLPG,1
PSCVCSGFETSGIHFC,1
SVYYGSIEAGGTKFVLAIADEHFNI,0
GNGVLKTISHECNMNTWQFLF,1
GLKDIFKAGLGSLVKGIAAHVAN,1
KNLRRITRKIIHIIKKYG,1
QPHPNEFVGLM,0
FLPVIAGLLSKLF,1
NFLGTLINLAKKIM,0
IFGAIWNGIKSLF,1
GLRSKIWLWVLLMIWQESNKFKKM,1
MAPRGFSCLLLLTSEIDLPVKRRA,0
FLSLIPKIAGGIASLVKNL,0
FLGAIAAALPHVINAVTNAL,1
FFGSVLKLIPKIL,0
GLFGILGSVAKHVLPHVIPVVAEHL,1
GLFKVLGSVAKHLLPHVVPVIAEK,0
DVPKSDQFVGLM,0
ARRRRRSSRPQRRRRRRRHGRRRRGRR,0
KYALMKKIAELIPNLKSRQVK,1
ALLLAIRKR,1
GLLSVLGSVAKHVLPHVVPVIAEHL,1
GLWQLIKDKFKDAATGFVTGIQS,0
AYERQFYPGATSVAENNIGH,0
VQPPHSHGDNFYIWT,0
GLFKVLGSVAKHLLPHVAPIIAEKL,0
GCRQCGGGCNKHGKCINGKCKCY,0
MRWEKPSYNDMRFGFEVTMYIYNR,0
GVLDILKNAAKNILAHAAEQI,0
VDKPDYRPRPRPPNM,1
GFWGKLWEGVKNAI,1
ATCDLLSMWN,1
MRWKWIKKRIRRLKRQRKKERGLI,0
PYDRISSSAFSDF,0
LDVELTVEERNLLSVGYKDSTLIMQLLR,0
QRLGHQWAVGHLM,0
WLNALLHHGLNCAKGVLA,0
MSKVIETKQQVVTEIADKLRA,0
AWLDKLKNLGKVVGKVALGVVQNYLNPRQ,1
KLGFENFLVKALKTVMHVPTSPLL,1
LVLPEVYDQDGHPLRIGQRYIINNP,0
QYGRRCCNWGPGRRYCKRWC,1
KDALEHTGFAPK,0
GIPCAESCVWIPCTVTALIGCGCSNKVCYN,1
SIITMTKEAKLPQSWKQIACRLYNTC,1
GLLGVLGSVAKHVLPHVVPVIAEHL,0
FLPFLATLLSKVL,0
QHSTDYDEVEDDRAKLHLDAR,0
FLPLIAGLLGKLF,0
RSCPRIWMECTRDSDCMAKCICVAGHCG,0
TEFGPSQPFKGAK,0
KSLRPRCWIKIKFRCKSLKF,1
GLPVCGETCFGGRCNTPGCTCSYPICTRN,0
YQEPVLGPVRGPFPI,1
AEVAPAPAAAAPAKAPKKKAAAKPKKAGPS,1
GFGPAFHSVSNFAKKHKTA,1
CKQSCSFGPFTFVCDGNTK,1
FALGAVTKRLPSLFCLITRKC,1
GLFSVLGSVAKHVVPRVVPVIAEHLG,1
GVVPHDFRI,1
GICRCICGRGICRCICGR,1
FIGGIISFFKRLF,0
GLFLDTLKKFAKAGMEAVINPK,1
FFGWLIRGAIHAGKAIHGLIHRRRH,1
TSHGGGKAGKSKLLDVNY,0
GVVDILKGAAKDLAGHLATKVMNKL,1
VIGGDICNINEHNFLVALYE,0
NLYQFKNMIEEAATGT,0
AGFVLKGYTKTSQ,1
NLMQFETLIMKVAGRSGVWYYGS,0
GLVSSIGRALGGLLADVVKSKQPA,0
LIGPVLGLVGSALGGLLKKI,1
RDWERREFERRQNELRREQEQRREELL,1
IIGGDECNINEHPFLVALYDA,0
NSGMINSILGIPRVMTEA,0
ALWKDLLKNVGIAAGKAVLNKVTDMVNQ,0
GNYYGYCRVHLNTAY,0
QGGPPRPQIPP,0
FLGGLIKPVPAMICAVRKKC,1
AGIGKIGDFIKKAIAKYKN,1
TPGGIDFISGGPHVAQDVLNAIKNFFK,1
LNLKGIFKKVASLLT,1
SGLQFAVLDGQGFLPFPRV,0
GLFSVLGSVAKHLLPHVAPIIAEKL,1
IPWKLPATFRPVERPFSKPFCRKD,1
RWAEIVCRSPSCNECCEWHTCFAPED,0
SAPRGCWTKSYPPKPCK,1
QNQPPDFANPFIIPQNAA,0
RGGRLCYCRRRFCICV,1
NEEEKVKWQPDVP,0
ALWKNMLKGIGKLAGQAALGAVKTLVGA,1
TPEHQRYIELFLVVDSGMFMKYNGNSDKI,0
FLPLFLPKIICVITKKC,1
GLKDWWNKHKDKIVEVVKDSGKAGLNAA,1
MSHIVRFTGLLLLNAFIVRGRPVGGIQH,0
TDMLAVSVSSTDAIGHKYGT,0
GLFDIIKNIVSTL,1
GLFDIVKKIAGHIVSSI,0
SIFVLPDLPYAKDALPKISAKTFDFGK,0
MPGKVQDFFLCSLLLRIVSAGWCD,0
GWKKWLRKGAKHLGQAAIKGLAS,1
GLPGESGAVGPAGPIGSR,0
GIMDTVKGVAKTVAASLLDKLKCKITGC,1
MTDAQVFTILAIALVPAVMAALLGSALARS,0
CLGIGSCNDFAGCGYAVVCFW,1
ALKAVPAVMGMIKKE,1
FWGHIWNAVKRVGANALHGAVTGALS,1
KSCCRNTTARNCYNVCRIPG,1
GIGGVLLSAGKAALKGLAKVLAEKYAN,1
TWLKKRRWKKAKPP,1
ALPKKLKYLNLFNDGFNYMGVV,0
FFHHIFRGIVHVGKTIHRLVTGG,1
GLNTLKKVFQGLHEAIKLINNHVQ,0
ELVSNASDALDKLR,0
GFMDTAKNVAKNMAVTLLDNLKCKITKAC,1
FLAKKVAKTVAKQAAKQGAKYVANKHME,0
FIGAVAGLLSKIF,1
GLLDIVKKVVGAFGSL,1
GLLGVLGSVAKHVLPHVVPVIAEHL,1
INWKAIIEAAKQAL,0
PEEVHHGEEEVETFAFQAEIAQLM,0
RIKRFWPVVIRTVVAGYNLYRAIKKK,1
GVLDILTGAGKDLLAHALSKLSEKV,1
TPNSYILQQFENPANPKLIVAIFPSFGER,0
SGLQLLDLSNNREVEML,0
GIHDILKYAKPS,1
AKAWGIPPHVIPQIVPVRIRPLCGNV,1
FIPGLRRLFATVVPTVVCAINKLPPG,1
QGRAPHPPIPPAP,0
CANSCSYGPLTWSCDGNTK,1
GNRPVYIPPPRPPHPRL,1
ENFKIKHTEPGLLSMANAGKN,0
HGVSGHGQHGVHG,1
GFGKAFHSVSNFAKKHKTA,1
CLGVGSCNNFAGCGYAIVCFW,0
NMYLPPVPPPPVVPTF,0
MERQVFIRLRHRLEADP,0
LLKELWTKMKGAGKAVLGKIKGLL,0
GLMDTIKGVAKNVAASLLEKLKCKVTGC,1
GIGGALLSAGKSALKGLAKGLAEHF,1
GFVDLAKKVVGGIRNALGI,1
GVLDAFRKIATVVKNVV,1
DLFQVIKEKLKELTGGVIEGIQGV,0
ILGKIAEGIKSLF,1
TATTRRRGRPPGFSPFR,0
GLLDMVTGLLGNL,0
GVSKILHSAGKFGKAFLGEIMKS,1
GGETGNDAKAMWFGPRL,0
EQCGRQAGGATCPNNLCCSQYGY,0
IIGLVSKGTCVLVKTVCKKVLKQG,1
QQGEGGPYGGLSPLRFS,0
GLISGLLGVGKMLVCGLSGLC,1
FANTIRLLINKVREWKNKQSS,0
IGGYCSWLRL,1
LLGMIPVAISAINLMKL,0
GSVIKCGESCLLGKCYTPGCTCSRPICKKD,1
YLGPTADSTMDQTFANN,0
IPPFIKKVLTTVF,1
MVPVPVHHMADELLRNGPDTVI,0
FLSGILKLAFKIPSVLCAVLKNC,1
WLGSALKIGAKLLPSVVGLFKKKKQ,1
DFKDWMKTAGEWLKKKGPGILKAAMAAAT,0
FIHHIIGGLFSAGKAIHRLIRRRRR,1
NFLDTLINLAKKFI,1
AQGDNPDKDTDGN,0
FLSHIAGFLSNLF,1
VIPIVSGLLSSLL,1
IFGAIAGLLKNIF,1
GVFGLLAKAALKGASKLIPHLLPSRQQ,1
FFFLSRIF,1
RQRVEELSKFSKKGAAARRRK,0
GIPCGESCVFIPCISTVIGCSCKNKVCYRN,0
DFKDWMKTAGEWLKKKGPGILKAAMAAAT,1
PEDPQRRYQEEQRRE,1
ILGPVLSLVGSALGGLIKKI,1
FLNALKNFAKTAGKRLKSLLN,1
RVRRFWPLVPVAINTVAAGINLYKAIRRK,1
SASGGAGESSGMWFGPRL,0
FLPAVLRVAAKIVPTVFCAISKKC,0
ALWKTIIKGAGKMIGSLAKNLLGSQAQPES,1
GLFDIVKKLVSDF,1
GLLSSLSSVAKHVLPHVVPVIAEHL,0
AGETHTVMINHAGRGAPKLVVGGKKLS,0
ILGPVLGLVGNALGGLIKNE,0
AELPQGLWVRPRL,0
MDFIIDIIKKIVGLFTGK,0
KVFLGLK,1
GFFDRIKALTKNVTLELLNTITCKLPVTPP,1
ILPFVAGVAAEMMQHVYCAASKKC,1
ALWMTLLKKVLKAAAKALNAVLVGANA,1
IGGIISFFKRLF,1
WLGSALKIGAKLLPSVVGLFQKKKK,0
IFGAILPLALGALKNLIK,1
FWGALAKGALKLIGSLFSSFSKKD,1
MNILHICVTSKWFNIDNKIVDHRP,0
HNKQEGRDHDKSKGHFHRVVIHHKGGKAH,1
ADETCTDLTILTTQYIAGDFD,0
GSEIQPR,1
LTCLTKMVECIQLPLDVEDSSDTLCC,0
VGKTWIKVIRGIGKSKIKWQ,1
DSPGGASDAQKQ,0
GLNALKKVFQGIHEAIKLINNHVQ,1
RPDKPRPYLPRPRPPRPVR,1
EDGSGEFLAEGGGVR,0
ALYKKFKKKLLKSLKRL,1
VLDIYEQKLGQTRVLDIYEQK,0
LVPLFLSKLICFITKKC,1
FLSLIPHAISAISAIADHL,0
NGERAPGSKKAPSGFLGTR,0
GFSPNLPGKGLRIS,1
LIGPVLGLVGSALGGLLKKIG,0
GLPCGESCVFIPCITTVVGCSCKNKVCYNN,0
QFRPSYQIPP,0
HPLKQYWWRPSI,1
GIPCGESCVFIPCITSVAGCSCKSKVCYRN,0
GLLSGILGAGKHIVCGLSGLC,1
FLPLIGRVLSGIL,1
VAGPFRIPPLRREFQ,1
SGGKKIKVDKPLGLGGGLTVDIDA,0
CPAIQRCCQQLRNIQPPCRCCQ,0
QVRFRQCYFNPISCF,0
SLFELGKMILQETGKNPAQSYGAYGCNC,0
LRPAVIVRTKAL,1
KKDGYPVEYDRAY,0
GIGKFLKKAKKFGKAFVKILKK,1
TDTEFEAAGGGVR,0
MLLVIGSKNLSSTNM,0
MWYLLWFVGILLMCSLSTLVLVWLDPRLKS,0
AGEDVSHELEEKEKALANHSE,0
SPSNSKCPDGPDCFVGLM,0
IASKFLCTPGCAKTGSFNSYCC,1
MQWTKPAFTDLRIGFEVTMYFEAR,0
GLADFLNKAVGKVVDFVKS,1
GVIPCGESCVFIPCINKKKCSCKNKVCYRD,0
MDILSLGWAALMAMFTFSIAMVVWGRNGF,0
NEQSGISQTVIVGPWGAQVT,0
GLLDFLKAAGKGLVTNL,0
IIDYYDEGEEDRDVGVVDAR,0
VRYADENVRTKEAKKK,0
EQLIELVGPWKTVYIVHFNGET,0
FLSLIPHAINAVSAIAKHF,1
GIACGESCVFLGCFIPGCSCKSKVCYFN,1
GGSSGLISVPRV,0
FQWQRNMRKVR,1
KPAPEPAPEPAPEAAPEA,0
ALRLAIRKR,1
GFMKYIGPLIPHAVKAISDLI,0
GAFGDLLKGVAKEAGLKLLNMAQCKLSGNC,1
DFIGSSTNVIMVASTTLMLF,0
FLPIIAGIAAKVFPKIFCAISKKC,1
GLVTSLIKGAGKLLGGLFGSVTG,1
SCNCVCGVCCSCSP,0
KWKLFKKAVLKVLTT,1
GIVDFAKKVVGGIRNALGI,1
FLPLILRKIVTAL,0
PFDRISNSAFSDF,0
GFMDTAKNVAKNMAGNLLDNLKCKITKAC,1
ALIFATLSAAYIGEALE,0
RCVCTRGFCRCICLLGIC,1
INPFVAGVAAEMMQHVYCAASKKC,1
GWFKKTFHKVSHAVKSGIHAGQRGCSALGF,1
QGRPPHPPIPPAP,0
GMATKAGTALGKVAKAVIGAAL,1
SDIGISEPNFLRF,0
FDLGGLIKGVVDLF,1
SALVGCGTKSYPPKPCFGR,1
GLWDDLKAAAKKVVSSLASAAIEKL,0
YMVIQGEPGAVIRLGDYLIDQGL,0
KPPWRL,0
GVVDILKGAGKDLLAHALSKLSEKV,1
APVPGGQGTVLDKMYPRGNHWAVGHLM,0
ALLDKLKSLGKVVGKVAIGVAQHYLNPQ,1
RELLMGIFEKNGTGKTAAFVIPLLQK,0
KKSGVIPTVSHDCHMNTFQFMFTCCS,1
LAEQAERYEEMVEFMEK,0
GIGAAILSAGKSALKGLAKGLAEHF,1
MDILTLGWVGLLGLFTYSIAMVVWGRHGM,0
FLPILAGLAAKIVPKLFCLATKKC,1
ILGAILPLVSGLLSNKL,1
GKLNLFLSRLEILKLFVGAL,1
LNPFRWVINKYREWKNKKDS,0
GRSPRRRTPSPRRRRSQSPRRRR,1
FKVQNQHGQVVKIFHH,1
VEQDPYEIVIKQLERAAQYMEISE,0
FLGLLFHGVHHVGKWIHGLIHGHH,1
RRRRRRRGHRGRRGRGGRRSRGRRRRAA,0
SRSELIVHQRMK,1
GFLSALKKYLPIVLKHV,0
GLFDIIKKVASVIGGL,0
INWKKIKSIIKAAMN,1
DTVNAA,0
LGAWLAGKVAGTVATYAWNRYV,1
ILPILAPLIGGLL,1
GLFGVLGSIAKHVLPHVVPVIAEK,0
GIHDILKYGKAS,1
DGAETPGAAASLWFGPRV,0
GLWETIKNFGKKFTLNILHNLKCKIGGGC,1
SILPTIVSFLTKFL,1
EYYDDTDEEERIVSTVDAR,0
QQWPRDPAPIPP,0
ILGKIWKGIKSLF,1
VLSKSLCTPGCITGPLQTCYLCFPTFAKC,1
DGDDYKFGHFRWSVPL,0
GVVDILKGAGKDLLAHLVGKISEKV,0
VIPFVASVAAEMMQHVYCAASRRC,0
FFSLIPSLIGGLVFAIK,1
FLPLLFGAISHLL,1
ANIVFDVESATTGTYSTFLTSF,0
TDPDADEGEFLAEGGGVR,0
MDKLAAGGLYLLFLLLAGIIVTH,0
GFLGILFHGVHHGRKKALHMNSERRS,1
FLPFLASLLTKVL,1
GRILSFIKGLAEHL,1
ILGPVIKTIGGVIGGLLKNL,1
FLPVIAGVAAKFLPKIFCAITKKC,1
MAQDAITAV,0
TQAGSQNPNDLSPGP,0
GLFLDTLKGLAGKLLQGLKCIKAGCKP,1
GIHAILKYGKPS,1
IGGIISFFKRLF,0
FLGVVFKLASKVFPAVFGKV,1
IIGGVESRPHSRPYMATLEIT,0
YEYSVYREIIGSGHIIAR,0
FLPAIVGAAGQFLPKIFCAISKKC,1
GILSGILGMGKKLVCGLSGLC,1
FVLPLVMCKILRKC,1
KQIMTQFFNFARSPAVKD,1
YNFNVYTSCTARRK,0
AHCLAIGRK,1
GVLDIFKDAAKQILAHAAEQI,0
AALKGCWTKSIPPKPCSGKR,1
AWLDKLKSLGKVVGKVGLGVVQNYLNPRQ,1
GLLDIVKKVVGAFGSL,0
GLFVGVLAKVAAHVVPAIAEHF,1
GLLDGLLGGLGL,0
ACSAG,1
GLFDIVKKIAGHIASSI,1
ASIIKTTIKVSKAVCKTLTCICTGSCSNCK,1
GIHDILAYGKPS,1
NKLAYNMGHYAGKATIFGLAAWALLA,1
MADAEDIQPLVCDNGTG,0
RPRPNYRPRPIYRP,1
VGECVRGRCPSGMCCSQFGYCGKGPKYCGR,1
FLGGLIKWWPWRR,1
GFMDTAKNVAKNVAVTLLDKLKCKITGGC,1
GLVSGLLNTAGGLLGDLLGSLGSLSG,1
SPPFAPRL,0
MELSLLLFLALLLGLLLLLF,0
FIHHIFRGIVHAGRSIGRFLTG,0
FFGDFGNISSAAAITGNPK,0
QGYGFNEPEQTRNQGGSSWEAP,0
GTGLPMSERRKIMLMMR,1
VVKQGLLAGRIPGL,0
ITCQQVTSELGPCVPYLTGQGIP,1
MFTFAILLLCVQGCLIQ,0
MAILTLGWVSLLVVFTWSIAMVVWGRNGL,0
QRFIHPTYRPPPQPRRPVIMRA,1
RYLPT,0
GLGSLLGKAFKIGLKTVGKMMGGAPREQ,1
NCIQQCVSKGAQGGYCTNEKCTCY,1
GFVDLAKKVVGGIRNALGI,0
NRILPTLIGPL,1
GLLGSIGNAIGAFIANKLKPK,0
TPVVNPPFLQQT,1
GIGRKFLGGVKTTFRCGVKDFASKHLY,1
LSPNLLKSLL,1
FFGHLFKLATKIIPSLFQ,1
PQRGEGGRAGNLLREEQEI,1
FPVDEEFQSPFGSRSRGYFLFRPRN,0
GLMDMVKGAAKNLFASALDTLKCKITGC,0
GLPVCGESCFGGTCNTPGCACDPWPVCTRD,0
FLPMLAGLAASMVPKFVCLITKKC,0
GLFGLAKGSVAKPHVVPVISQLV,1
GLPICGETCFTGTCYTPGCTCSYPVCKKN,0
MTDCRYLIKRVIKIIIAVLQLILLFL,0
SPLEQFSILMLIPM,0
AVPDVAFNAYG,1
FLPLVRGAAKLIPSVVCAISKRC,0
TKQTLKVLITGAAGQIGYSL,0
ITAGFISSSANTVYVKKGDVMVFPR,0
MYDESTGYSSALK,0
DHLSHDVYSPRL,0
EDHPVHNRGEYSVCDSVNVWV,0
FFPMLAGVAARVVPKVICLITKKC,1
FVYGNGVTSILVQAQFLVNGQRRFFYTPDK,0
GFRDVLKGAAKAFVKTVAGHIANI,0
GVLDAFKKIATVVKNLV,0
GLVSSIGKALGGLLADVVKSKGQPA,0
ACYCRIPACLAGERRYGTCFYRRRVWAFCC,1
GVLDILKGAAKDLAGHVATKVINKI,0
FIGGIISFIKKLF,1
FIGLLISAGKAIHDLIRRRH,1
NEQSGKSQTVIVGPWGAQVST,0
RCVCRRGVCRCVCRRGVC,1
MESIEQRVKKIVAEQLGVAEAEIKA,0
GLFGKLIKKFGRKAISYAVKKARGKH,1
MADENTPVMPEEVPAVEGVGM,0
GIMDTVKNAAKDLAGQLLDKLKCRITGC,1
FKVDEEFQGPIVSQNRRYFLFRPRN,0
IFGAIWNGIKS,1
ARCENFADSYRQPPISSSQT,1
GAFGNFLKGVAKKAGLKILSIAQCKLFGTC,1
QLHVNKARRVYIL,0
AVDFSKVPTATAGPCKG,0
TKATEGEFLAEGGGVR,0
FLIGMTHGLICLISRKC,1
FFPNVASVPGQVLLKKIFCAISKKC,1
INWKKIAEIGKQVLSAL,0
AYSYVSEYKRLPVYNFGL,0
RRWVRRVRRWVRRVVRVVRRWVRR,1
GLPICGETCVGGTCNTPGCTCSWPVCTRN,0
GAVSGLLTNLGL,0
AEEQSFSSTKFSTDQPNLILQGDA,0
STRTPEFLGLDNQCGVWA,0
AIDYDEDEDGRPKVHVDAR,0
GADFQECMKEHSQKQHQHQG,1
MRFCWQKSIHGS,0
DDLFNINAGIVKLFGVTTLDVVR,0
INLKAIAAFAKKLL,1
GVLFASGQNLARTLIEFLLR,0
GLLGAMFKVASKVLPHVVPAITEHF,1
GINTLKKVIQGLHEVIKLVSNHA,1
ADLIQRRQRSEFQSDIKGILYTVIKKNPDL,0
QKNDKKDRFYGLM,0
QDKPFWSPPIYPV,0
INWKKIAEIGKQVLSAL,1
ILPIIGKILSTIF,1
KVHGSLARAGK,1
SKTPIRVAVTGAAGNIGYHLLFRIA,0
PRRRTPSPRRRRSQSPRRRRS,1
ALWKNMLKGIGKLAGKAALGAVKKLVGAES,1
KRFGRLAKSFLRMRILLPRRKILLAS,1
QKKDKKDKFYGLM,0
LLSVLGSVAKHVLPHVVPVIAEHL,1
FLPAVLRVAAQVVPTVFCAISKKC,1
RHHRKRIGHTVKQLAKLVKHIHEY,0
RRWWRF,1
SCTTCVCTCSCCTT,1
GLWSTIKNVGKEAAIAAGKAALGAL,1
GVVTDLLKTAGKLLGNLVGSLSG,1
VVDILKGAAKDLAGHLASKVMNKI,1
FLPIIASVAANVFSKIFCAISKKC,1
GLLGPLLKIAAKVGSNLL,1
DINGGGATLPQKLYQTSGVLT,0
SNDIYFNFQR,1
FGLIPSLIGGLVSAFK,1
DVAGLVPAKDSPAFQKRAAAAVNTTAD,0
MKPALRDFIAIVQERLASVTA,0
VARSLLIFEVQQPFLFLL,0
MAWTKPAYTDLRIGFEVTMYFASR,0
ILGPVLGLVSDTLDDVLGIL,1
GLFDIVKKVVGAFGSL,1
DGDALLKPCKLGDMQKLSSA,0
FSGLGSQNPGLLVLAK,0
AAVPSGASTGVYEALELRFRAPVEPY,0
GIGKFLHSAGKFGKAFVGEIMKS,1
FCKSLPLPLSVK,1
GLMDMVKGAAKNLFASALDTLKCKITGC,1
PFDRISSSAFSDF,0
GVPICGETCVGGTCNTPGCSCSWPVCTRN,0
TAANVKIFNTEEVQNFINLL,0
KTGVNKPELLPKEETTVIDV,0
NLYQFKNMIHCTVPSRPWWHFADYGCYCGR,0
GILSNVLGMGKKIVCGLSGLC,1
ANIVGGIEYSINNASICSVGFSVTR,0
FEDGKKVRFFKSNKETIK,0
ILGLLKGISALLS,0
RHHRKRIGHTIKQLAKLVKHIHEY,0
PNYKLTYFNLRGRAEISRYLFAYAGIKY,0
VVSCADILTLAAR,0
GLLSVLGSVAKHVLPHVVPVIAEKL,1
GALRGCWTKSYPPKPCK,1
WLNALLHHGLNCAKGVLA,1
DCLPGWSSHEGHCYKVFNQEMYWADAEKFC,0
FLPLLAGLAANFLPTIICKISYKC,0
YLKGCWTKSYPPKPCFSR,0
GSNKGFNFMVDMIQALSK,1
FLNPFRWVINKYREWKNKKDS,0
GFKNVQLSTARGF,0
IDWLKLGKMVMDVL,1
FLPAVLRVAAQVVPTVFCAISKKC,0
GLFGKILGVGKKVLCGLSGMC,1
GGNTECFWKYCV,0
MKKARRSPSRRKGARLWYVGGSQF,0
GIPCGESCVWIPCISAAIGCSCKNKVCYRN,0
DAAEPWQLGFQDAATPIMQGIIDLHH,0
DSIRDVSPTFNKIRRWFDGLFK,1
GVTGFGFDLVRYLFAGVVDGR,0
ATGWSAFFIDGKWTEAKK,0
VAIIIYSMYGHIAKYGNFPGQWK,0
GKCNVLCQLKQKLRSIGSGSHIGSVVLPRG,1
FPLPCAYKGTYC,0
GIGKFLHSAKKFGKAFVGEIMNS,1
GIHDILKYGKPA,1
FFSLLPSLIGGLVSAIK,1
FLPFIAGMAANFLPKIFCAISKKC,0
AGEGLSSPFWSLAAPQRF,0
GCRFCCNCCPNMSGCGVCCRF,1
FMGGLIKAATKALPAAFCAITKKC,1
RCICTTRTCRFPYRRLGTCLFQNRVYTFCC,1
SAPRGCWTKSYPPKPCK,0
AYGEGANVFGKRKETDQFFEISGDGWSGKL,0
HFLGTLVNLAKKIL,1
GNTKKAVPGFYGTR,0
ALWKTLLKNVGKAAGKAALNAVTDMVNQ,1
KIAKVALKAL,1
EDSLSDWERVYLPIDPGVVL,0
ALWKDILKNVGKAAGKAVLNTVTDMVNQ,1
DEVKIVLD,0
ATFFDPQPRLLAD,0
TLTSFGEWR,0
RSVCRQIKICRRRGGCYYKCTNRPY,1
KVFFEERFEDGWENRWVKKD,0
DCPSDWSPYEGHCYKHFIKWMNNEDAERFC,0
FLISIPYSASIGGTATLTGTA,0
SVFDEYLEKSKANK,0
FLPFLASLLSKVL,0
MDIISLGWAGLMTMFTFSLALVVWARNGF,0
VFQFLGRIIHHVGNFVHGFSHVF,0
FLGGLLASLLGKI,1
LDVKKIICVACKIRPNPACKKICPK,1
GGGGGSGETSGMWFGPRL,0
ALLHHGLNCAKGVLA,1
MGIFSIFVISTVHYQPNKK,0
SHYAEGPGKN,0
GFMKYIGPLIPHAVKAISDLI,1
MAPCSCKSCGTSCAGSCTSCSCGSCSH,0
MNRIGMITTIITTTITTGNGAG,0
PAGHGARARTRDLFAR,0
FLPILASLAAKLGPKLFCLVTKKC,0
ALVPLRLLLDHAAENG,0
KNGTVKWFNAEKGFGFITSED,0
GLFKVLGSVAKHLLPHVAPIIAEKL,1
GSAIRCGESCLLGKCYTPGCTCDRPICKKN,0
GWGSFFKKAAHVGKHVGKAALTHYL,1
NSELINAILGSPTLMGEV,0
FLSLIPHAINAVSALAKHF,0
TLQPPSALRRRHYHHALPPSRHYPG,1
KQFTKCELSQVLKDMDGYGGIALP,0
CRQSCSFGPFTFVCDGNTK,1
GIGTKFLGGVKTALKGALKELAFTYVN,1
FLPIIAGVAAKVFPKIFCAISKKC,0
GLMDTVKNVAKNLAGHMLDKLKCKITGC,1
MKKSIRRSGGKSKGARLWYVGGTQY,0
FWGALAKGALKLIPSLFSSFSKKD,1
RWCVYAYVRVRGVLVRYRRCW,1
FLAGLIGGLAKML,1
LDLTPGSHVDSYVEA,0
GRPNPVNTKPTPYPRL,0
GPPYQPLVPR,0
FPPWE,0
IVGGTEVTPGEIPYQLSFQD,0
ASIVKTTIKASKKLCRGFTLTCGCHFTGKK,1
SLLQFNKMIKFETRKNAIPFYAF,0
GVVDILKGAAKDIAGHLASKVMNKL,1
KFGKVLKFLAKTLAKHLAKKQAQS,0
WATLAKGALKLIPTIANAFSSKS,1
KIMAKPSKFYEQLRGR,0
HSQGTFTSDYSKYLDTRRAQDFVQWLMST,0
NWRKILGQIASVGAGLLGSLLAGYE,1
EDFDSQCVPTADPGPCKAYIPMWWYNVLS,0
WWRELLKKLAFTAAGHLGSVLAAKQSGW,0
KGLKKLLKLLKKLLKL,1
GIAEFLNYIKSKA,0
MQLFHLCLIIFCSCPTVQASKLCLGWL,0
FIGKLISAASGLLSHL,1
RILSILRHQNLLKELQDLALQGAK,1
GLWETIKNFGKKFTLNILHKLKCKIGGGC,0
FLGFLKNLF,1
AEYTLPDLGWDYAASGPG,0
NEQSGKSQTVIVGSWGAKVS,0
HVINLEESFQEPEYENHLA,1
AKPAKRVAVTGAAGQIAYSLL,0
GLLSFLPKVIGVIGHLIHPPS,1
GLAGAISSVLDKLKQSQLIKNYAKKLGYPR,0
VSYNSKFLAATVQAEPVVLDA,0
MVTMVKKWLLLMTFMAGCRGMIY,0
FLPLLAGLAANFFPKIFCKITRKC,0
KHTLPDLPYDFGALQPHISAEIM,0
SVLGKSVAKHLPHVVPVIAEKT,1
SVLEIGLMLQEETEKNPKTSYSI,0
HEPCGESCVFIPCITTVVGCSCKNKVCYD,0
IEHNAEEIRKTAIRTAVQNTAQQTK,0
GFMDTAKNVAKNVAVTLIDKLRCKVTGGC,1
NEEEKVKWEPDVP,0
RWGKWFKKATHVGKHVGKAALTAYL,1
FFPIVGKLLFGLFGLL,1
GICRCLCRRGVCRCICVL,1
DNLKKRRRCADDD,0
TPTAFYGVR,0
RFIYMKGFGKPRFGKR,1
GFWGKLWEGVKSAI,1
GIGTKFLGGVKTALKGALKELASTYVN,1
IVPFLGPLLGLLT,0
AERVGAGAPVYL,1
KKLLKWLKKLL,1
FLPLVTGLLSGLL,1
AAGMGFFGAR,1
LRQSQFVGSR,1
MDILSISWAFLMVVFTFSLSLVVWGRSGL,0
TSSGCPNFESLVR,0
FLPIVGKLLSGLF,1
MRAKWKKKRMRRLKRKRRKMRQRSK,0
GLPVCGETCVGGTCNTPGCTCSWPVCTRD,0
GPNGKSQSIIVGPWGDRVTN,0
FLSLIPHIVSGVAALAKHL,1
LFGFLIPLLPHIIGAIPQVIGAIR,0
MKLLILFLAALGAASARIRGHTIKG,0
VIGGDECNINEHPFLVLVYY,0
GLFGKSSVVGRKYYVDLAGCAKA,1
LGIYSDAGTQTCSK,0
FLPIIAGAAAKVVEKIFCAISKKC,1
EEVQETVNLKYEYSVYR,0
GLWQKIKSAAGDLASGIVEGIKS,0
GLMSSIGKALGGLIVDVLKPKTPAS,0
QLHVNKARRPYIL,0
FLSLIPGAISAIASLFK,0
FLPLLGNLLRGLL,1
ALAGTIIAGASLTFKILDEV,0
DVPSANANANNQRTAAAKPQANAEASS,0
GLVSSIGRALGGLLADVVKSKGQPA,1
GLLSGILGAGKHIICGLSGLC,1
MERQVL,0
GVPICGETCTLGTCYTAGCSCSWPVCTRN,0
FLPIIGKLLSGLL,0
FLSFPTTKTYFPHFDLSHGSAQVKGHGAK,1
FWGKLWEGVKNAI,1
FLPFIAGMAANFLPKIFCAISKKC,1
MNGRPSVFTSQDYLSDHLWRALNA,0
MDIVSLAWAALMVVFTFSLSLVVWGRSGL,0
MDPAGPDNDERFTYDYYRLRVVGLIVAAVL,0
FFPIVGKLLSGLF,1
GILSTVFKAGKGIVCGLSGLC,1
GLFDVIKKVASVIGGL,1
ASDVTLNSFAEDVTVGECCDCVDLTTVY,0
MDILSLGWSALMVVFTFSLALVVWGRNGF,0
LNWGAILKHIIK,1
ARQLNPSDQELQSPQQLYPQQPYPQQPY,0
VDKPDYRPRPWPRPN,1
FLSLIPHAINAVGVHAKHF,1
GIIDIAKKLVGGIRNVLGI,0
KPENENEEALHE,0
QHSTDYDEEEEDRAKLHLDAR,0
GLMDVFKGAAKNLLASALDKIRCKVTKC,1
FKTWKRPPFQTSCWGIIKE,1
DYHHGVRVL,1
ELPVNFYALNLTADNINIGY,0
QGPSPRHPIPP,0
RILSILRHQNLLKE,1
SALVGCWTKSWPPKPCFGRG,1
MAKINELLRESTTTNSNSIGR,0
RRRRRRRRHRRRRGRRGRRSRGRR,0
MMYLMPLLIVIVGCLALHCSDDDMPDGHA,0
SDLTWTYQSPGDPTNSKN,0
FLSLIPHAINAISAIANHF,0
GLLGSIFGAGKKIACALSGLC,1
GIGGALLSVGKLALKGLANVLADKFAN,1
GLASFLGKALKAGLKIGSHLLGGAPQQ,1
GASGLIPFPRL,0
RVCFAIPLPICH,1
AYSNLNYLRF,0
GIFSTVFKAGKGIVCGLTGLC,1
ILSAIWSGIKSLF,1
INLKAIAALAKKLL,1
GFMATAKNVAKNMDVTLLDNLKCKITKAC,1
NFLGTLINLAKKIM,1
SINNTGGSGNRRLDKNGFAGQ,0
PYDRISNSAFSDF,0
SILPTIVSFLSKFL,1
FFPIVGKLLFGLL,1
DYMGWMDF,0
VIEVVYLRTPFSAGNATT,0
FKSWSLCTPGCARTGSFNSYCC,1
GFADLFGKAVDFIKSRV,0
GLVDVLGKVGGLIKKLLP,1
DSHAKRHHGYKRKFHEKHHSHRGYR,1
YSLQMGATAIKQVKKLFKKKGG,1
FLPAIAGILSQLF,0
GFVDFLKKVAGTIANVVT,0
SGDTSSQAKGMWFGPRL,0
YIRDFITRRPPFGNI,1
FCTMIPIPRCY,1
GLFGVLAKVAAHVVPAIAEHF,1
FLPLIASVAANLVPKIFCKITKKC,1
NRWWQGVVPTVSYECRMNSWQHVFTCC,1
GHAKKDKKIQKK,0
LAHQKPFIRKSYKCLHKRCR,1
GLFDIIKNIFSGL,0
FLPLIGKILGTILGK,1
APAHRSSTFPKWVTKTERGRQPLRS,1
QDKPFWDPPIYPV,0
KWKLFKKIPKFLHLAKKF,1
YDIPEPFRWDESFKVFYE,0
QWAQWPRPTPQIPP,0
NFLGTLVNLAKKIL,1
AYDPDPYKRYSAEHTFFLL,0
GIPCAESCVYIPCTITALLGCKCKDQVCYN,0
MPIIGVPRCLENPFCAPAKFPLSVKKKIRI,0
LRNVEQQCRADALVERAQELIHGQQ,0
CPPCPSCPSCPWCPMCPRCPS,1
GLFDVIKKVASVIGLASP,0
MCTHPLDCSN,1
KIPCGESCVWIPCLTSVFNCKCENKVCYHD,0
KIPCGESCVWIPCVTSIFNCKCENKVCYHD,1
FLPFLASLLSKVL,1
RVSNLTIHPLRNIIDLRYVG,0
VVGGDECNINEHRFL,0
GFGSLFKFLGKKVLKTVAKQAAKKQME,0
GFMDTAKNVAKNVAVTLIDNLKCKITKAC,1
INWKKIKSLIKAAMS,1
SIYERCELARELINR,1
YSKSLPLSVLNP,1
MPGKVQDFFLCSLLLCIVSAGWCG,0
DASNAQKQHDVNFLL,0
FIGPIISALASLFG,1
GFGSLLGKALRLGANVL,1
MSYIVRFTGLLLLNAFIVRGRPVGGIQH,0
MTKKAVVVLWGISQVEGVVNLLQE,0
INIKDILAKLVKVLGHV,0
EQATLIDFGKLNADIVPDKNGGMTQ,0
MLVGKKVQTF,0
MIASHLAFEKLSKLGSKHTML,1
RKRHPDCDKAADTRI,0
MSMGIAARPPRAALLPPPSVPRSR,0
GMASKAGAIAGKIAKVALKAL,1
KAYSTPRCKGLFRALMCWL,1
GLMSVLGHAVGNVLGGLFKS,0
VDKPDYRPRPWPRNMI,1
FLPVILPVIGKLLNGIL,1
IAKVALKAL,1
MWTKPSYTDLRIGFEVTLYFANR,0
GGETGGEGKGMWFGPRL,0
FIGALLRPALKLLAGK,1
MDIVSIGWAALMVVFTFSLSLVVWGRSGL,0
PAAAAQAVAGLAPVAAEQ,1
TVAACNSPKVGLDSDAELVR,0
LKLSPETKDTLKKVLKGAIKGAIAIASLA,1
SCLRIGMRGRELMGGVGKT,1
FALESFWDGKGNASAHAMEMTK,0
QDKPFWPPPIYIM,0
INLLKIAKGIIKSL,1
EDGSDPASGDFLAEGGGVR,0
FGLPMLSILPKALCILLKRKC,0
TKTEEGEFISEGGGVR,0
GLFDIIKKIAESF,0
INVLGILGLLGKALSHL,1
YTATRDNCCILDERFGSYCPTTCG,0
GGLRSLGRKILRAWKKYGPQATPATRQ,1
EFPTDYDEGEDDRPKVGLGAR,0
GLWSKIKEAAKTAGLMAMGFVNDMV,0
GLMDTVKNAAKNLAGQLLDRLKCKITGC,1
MISDSQIFVALLFALVSAVLAIRLGTDLYQ,0
KPLWRL,0
ACYCRIPACLAGERRYGTCFYMGRVWAFCC,1
SMLSVLKNLGKVGLGLVACKINKQC,0
VTIGPVCELPKEVGGPCRGHIIPRY,0
NFSCPPDWYAYD,0
MKFYTIKLPKFLGGIVRAMLGSFRKD,0
DAQEKRQPWIPFV,0
FLPKMSTKLRVPYRRGTKDYH,1
IPAMEPAARVKRSPGYGGCSPRWACGGYG,1
ILGPVISKIGGVLGGLLKNL,1
MKRIGVLTSGGDSPGMNAAIRAVVR,0
VVVTLASGLEMCDTTTDGGGWTIFQ,0
IIPLPLGYFAKKT,1
FKCRRWQWRMKKLGAPSITCVRRAF,1
GLWSTIKNVGKEAAIAAGKAVLGSLGEQ,1
GCVLLPWC,0
FLPAIAGMAAKFLPKIFCAISKKC,0
VIPFVASVAAEMQHVYCAASRKC,0
LEDNGRTHWAVLVA,0
FLPILASLAAKFGPKLFCLVTKKC,1
GPNPGFSPFR,0
QELASFHSVSKGFMGECGFR,0
IPCGESCVWIPCISGMFGCSCKDKVCYS,1
YDPSPLQDFCIAD,0
ADDKNPLEECFCEDDDYCEG,0
INWLKLGKAIIDAL,1
QKIQEIDLQTYLQPQ,0
DIDITGCSACKYAAG,1
ARARLGVRRFRRKR,0
DRVYVHPFYL,0
FLSLIPHAINAVSALANHG,1
LRPAVIVRTKGK,0
GASCGETCFTGICFTAGCSCNPWPTCTRN,1
SSMKLSFRARAYGFRGPGPQL,1
GIPCGESCVYIPCLTSAVGCSCKSKVCYRN,0
MKKAERGASPKQIKPHRYYLLAVH,0
KRIVQRIKDFLRNLVPRTES,1
ENFAGGCIPGYMRTADGRCKPTY,0
FLFSLIPSAISGLISAFK,1
FPPWM,0
LFGLIPSLIGGLVSAFK,1
VIGSILGALASGLPTLISWIKNR,1
GSKILHSAGKFGKAFLGEINKS,1
NRTFKTNTKCHVKNQCNFLCQ,0
NWRKILGKIAKVAAGLLGSMLAGYQV,1
MDLLSLGWSSLMVMFSFSLALVVWGRNGF,0
GILDFAKTVVGGIRNALGI,1
GIPCAESCVWIPCTVTALVGCSCSDKVCYN,1
FLPVLAGVLSRA,1
TVKVTVTGAAGQIGYALLFR,0
GLWQLIKDKIKDAATGFVTGIQS,1
EQSAGFREYIDFFDGYSLTY,0
PPCRGIFCRRVGSSSAIARPGKTLSTFITV,1
AEIDFSGIPEDIIKQIKETNAKPPA,0
QYVKDPDKQVVARIFLDLQLVQR,0
FDVMGIIKKIAGAL,0
SHGKQETDEEFDARWVTYFNKSDI,0
GLLSVLGSVAQHVLPHVVPVIAEHL,1
MVKTVAVMVGSLRKDSLAHKLMKVLQK,0
AGCKNFFWKTFTSC,0
VIGGDECNINEHRSLVAIFDS,0
ILSYLWNGIKSIF,1
FLPAVLRVAAKVVPTVFCLISKKC,1
ISDFDEYEPLNDADNNEVLDF,0
FQPSLVLDMAQVLLDNYTFPENLM,0
ESILIVHQQQSRSSGS,1
TKSQTHVPIRPNKLVLKVQKDRATN,0
AVPAVRKTNETLD,0
LFGFLIPLLPHIIGAIPQVIGAIR,1
GLVSSIGKALGGLLVDVVKSKGQPA,1
GVITDALKGAAKTVAAELLRKAHCKLTNSC,1
FVPLLVSKLVCVVTKKC,0
VWPLGLVICKALKIC,1
GSLGEKYAQKAAEVLTSIIP,0
DEPPQTPWDRVKDLVTVYVE,0
KTCENLADTYKGPCFTTGSCD,1
RCVCTRGFCRCVCRRGVC,1
GIKCRFCCGCCTPGICGVCCRF,1
MATRGFSCLLLVISEIDLSVKRWV,0
RKCNFLCKLKEKLRTVITSHIDKVLRPQG,1
CLGVGSCNNFAGCGYAIVCFW,1
SGETSGEGNGMWFGPRL,0
FFGHLYRGITSVVKHVHGLLSG,1
GLKEVAHSAKKFAKGFISGLTGS,1
RGGRLCYCRPRFCVCVGR,1
KWCFRVCYRGICYRRCR,1
FLPVLAGLTPSIVPKLVCLLTKKC,1
GSQLVYREWVGHSNVIKP,1
GFKDWIKGAAKKLIKTVAANIANQ,0
FLAKKVAKTVAKQAAKQGAKYVVNKQME,0
IASASCTTCICTCSCSS,1
ILQKAVLDCLKAAGSSLSKAAITAIYNKIT,0
ENFSGGCIPGYMRTADGRCKPTY,0
GIRDILKYGKPS,1
LVRGCWTKSYPPKPCFVR,1
FLSLIPHAINAVSTLVHHS,1
HSQGTFTSDYSKHLDSRYAQEFVQWLMNT,0
MISDIQIMVALFAALFTGILALRLGTELYK,0
LLGDFFRKSKEKIGKEFKRIVQRIKDFLR,1
ILGAIIPLVSGLLSHL,1
VGECVRGRCPSGMCCSQFGYCGKGPKYCG,1
ANQRLPPLSNDPDRCERAFVGNT,0
TEIQSFNFNGFVPEN,0
FFGWLIKGAIHAGKAIHGLIHRRRH,1
FISAIASMLGKFL,1
MDMVSLAWAALMVVFTFSLSLVVWGRSGL,0
TQACRINSGNVPSELDLRSLRTVTPIRMQG,0
KGAAKGLLEVASCKLSKSC,0
GFMDTAKNVAKNVAATLLDKLKCKITGGC,1
AWLDKLKSLGKVVGKVAIGVAQHYLNPQQ,1
PVLAAASWALFNIGRLALQQFNKIASR,0
MKRISTTITTTITTTITITITTGNGAG,0
RRRTPSPRRRRSQSPRRRR,1
SSSGWLCTLTIECGTIICACR,1
TLQPPSALRRRHYHHALPPSRHYPGREAQA,1
IEFFT,0
SAKDVKFGDSARSMMIAGVNVIAD,0
EITKFPKDQQNLIGQG,0
YGQSTHAVIYAQGYTYSSDWR,1
GILDVAKTLVGKLRNVLGI,0
SIVPLGLPVPIGPIVVGPR,0
FLPLLASLFSRLL,1
PAQPFRIKKRQGPFERP,1
ADGSDPAGGEFLEAGGGVR,0
NNYCKIKCRSGIHTLCKYGTSSKP,0
QARPPHPPIPPAP,0
VYGMLFKFLAKKVAKKLISHVAKKQLQ,0
FKSWSFCTPGCAKTGSFNSYCC,1
APPPGYAMESDSFS,1
MQLFHLCLVISCSCPTVQASKLCLGWL,0
PAKQVAFAEHAREKMLRGVNVLA,0
ARSDNFVRL,0
TNDFMRF,0
ILGPVLGLVGNALGGLIKNE,1
MIREPRIREPRSLA,0
INWKALLDAAKKVL,0
GFMDTAKNVAKNEAGNLLDNLKCKITKAC,1
FIGSALKVLAGVLPSIVSWVKQ,0
GLKDWWNKHKDKIIDVVKEMGKAGLQAA,1
GILGNIVGMGKQVVCGLSGLC,1
MAPRGFSCLLLSTSEIDLPVKRLLSSVF,0
NLVSGLIEARKYLEQLHRKLKNCKV,1
WNHTLCAAHCIARRYRGGYCNSKAVCVCR,1
LKLLKKLLKLLKKLGGK,1
GLFGVLGSIAKHVLPHVVPVIAEKL,1
GLMDTIKGVAKTVAASWLDKLKCKITGC,1
CTCTTIISSSSTF,1
VRDICKKEAERQDLSSCENYITQRRGY,0
FQWQRNPRKVR,1
AATAATPATAATPARA,0
FLPILASLAAKLGPKLFCLVTKKC,1
MGIIAGIIKVIKSLIEQFTGK,0
SLGGKPDLRPCHPPCHYIPRPKPR,0
GADVAHKQQSVNHLLYLVTSHYPSLDYSLL,0
RPPGFSPFRIY,0
MTKDEPLEGNVGVLT,0
IRNSLTCRFNFGICLPKRCPGRMRQIGTCF,1
SGFVLKGYTKTSQ,0
DSPAGVSDAQKQ,0
GIPCGESCVWIPCISSAIGCSCKNKVCYRN,0
LDTDLQGTMPEVYASERAAFL,0
MLNERFSILVLLLILLTFSLG,0
GFGMALKLLKKVL,1
SLGGKPDLRPCYPPCHYIPRPKPR,0
GICRCICGRRICRCICGR,1
KQQLATEAESAGPIL,1
LKLLKKLLKLLKKL,1
ALWKNMLKGIGKLAGQAALGAVKTLVGAES,1
APPPGLSAGV,1
ALFSILRGLKKLGNMGQAFVNCKIYKKC,0
GFLGPLLKLGLKGVAKVIPHLIPSRQQ,1
MATGGFGCLLLLIREIDLSVKRQI,0
ILGEIWKGIKDIL,1
GFLGPLLKLAAKGVAKVIPHLIPSRQQ,1
VSGSGIMAKRVVVDA,0
ALFSILRGLKKLGNMGQAFVNCKIYKKC,1
FQFVNPSDIVFGS,0
KCKWWNISCDLGNNGHVCTLSHECQVSCN,1
RICPRIWMECKRDSDCMAQCICVDGHCG,0
SGYLPGKEYVYKYKGKVF,0
GVGDLIRKAVSVIKNIV,1
SAIWFWMTPQSPK,0
GLLGGLLGPLLGGGGGGGGGLL,0
VNPIILGVLPKFVCLITKKC,1
ADPRNPLEECFRETD,0
FLPFIAGMAAKFLPKIFCAISKKC,1
TNDSAGDGTTTASVLAR,0
INWLKLGKKILGAL,1
MGDCGCSGASSCNCGSGCSCSNCGSK,0
IWLTALKFLGKHAAKHLAKQQLSKL,1
VLLDGNGEVVQNGGTYYLLP,0
LKKLLKKLKKLL,1
RKFHEKHHSHREFPFYGDYGSNYLYDN,1
ATTDSPATLTGVI,0
IVGGVSVAIE,0
VNPIILGVLPKFVCLITKKC,0
VGALAVVVWLYLWLW,1
GLIGSIGKALGGLLVDVLKPKL,1
AVDLAKIANKVLSSLF,1
GVSGHGQHGVHG,1
SPTVIALRVVEALSPR,0
FLKPLFNAALKLLP,1
GGEEQFDDYGHMRF,0
RLKVIPEKLKDVKLVCTDVFGDN,0
LLGDFFRKSKEKIGKEFKRIVQR,1
APPGFTPFRSKAV,0
HSDAVFTDSYTRLLKQMAMRKYLDSILN,0
QAIVSKARRPYIL,0
GLLGSIGNAIGAFIANKLKP,1
SLSRFLSFLKIVYPPAF,1
KGGSGVIHTISHECNMNSWQFVFTCCS,1
KRRGSVTTRYQFLMIHLLRPKKLFA,1
RFRLPFRRPPIRIHPPPFYPPFRRFL,0
EFSPTRKFGGHGDDKKKKK,0
GFLGPLLKLGLKGAAKLLPQLLPSRQQ,1
SAIDPNPDTPDSE,0
SDNNQQGKSAQQGGY,0
GVIDAAKKVVNVLKNLF,1
VVGGDECNINEHRFLVALYY,0
VTSWSLCTPGCTSPGGGSNCSFCC,1
QDKPFWPPPIYPM,0
ILGKIWEGIKSIF,1
FLPLAVSLAANFLPKLFCKITKKC,1
GIGGKPVQTAFVDNDGIYD,1
GLIKIVPAMICAVTKKC,1
RFGRFLRKIRRFRPKVTITIQGSARFG,1
KSSAYSLQMGATAIKQVKKLFKKWGW,1
FLPLLLAGLPKLLCLFFKKC,1
EQGVGGDDGL,0
FLSTALKVAANVVPTLFCKITKKC,1
PNIQTKIIEQIWKEHIFQGTVVK,0
RILTMTKRVKMPQLYKQIVCRLFKTC,1
SVQFKPRL,0
LLKELWTKIKGAGKAVLGKIKGLL,1
NPVLPCPVGSLYK,0
IKWKAILDAVKKVL,1
GVPVCGETCFGGTCNTPGCSCDPWPVCSRN,0
GLFTLIKGAYKLDAPTVACN,1
FLPILASLAATLGPKLLCLITKKC,1
IVGGYECEAYSKPYQVSINLGY,0
LFKLLGKIIHHVGNFVHGFSHVF,1
GIPCAESCVYIPCTVTALLGCSCSNRVCYN,0
TYKKPPFNGSIF,0
MDIVSIAWAALMVVFSFSLSLVVWGRSGL,0
HDRPKFCYLPADPGECLAHMRSF,0
TPFKLSLHL,1
FLPIIGQLLSGLL,1
LTNKTARFLVNGTSIPEVDFDVGE,0
LLCISCCVSITECCQLMSGCAVEIKS,0
GLWEKIKEKASELVSGIVEGVK,0
FLPMIAKLLGGLL,0
AILTTLANWARKFL,1
GSGASGSMPATTS,0
AISCGQVSSAIGPCLSYARGQGSAPSAGCC,1
KSWSLCTPGCARTGSFNSYCC,1
EPNPDEFFGLM,1
FLLSLPHLASGLASLVLSK,0
GPLQLSWNYNYGAAGK,0
LLEGFLVGGGVPGPGTACLTKALKD,0
MIAPIFAELAKTVGADKDGLPTLVAK,0
SENTGAIGKVFPRGNHWAVGHLM,0
SASGSGESSGMWFGPRL,0
FVQWFSKFLGRIL,1
FIHHIIGGLFSVGKHIHSLIHGH,1
NSMERVEELRKKLQD,1
VNHSACAAHCILRGKTGGRCNSNAVCVCR,1
IEPERQEEEEEETRQRVRRGQVRQQQQ,0
KGAAKGLLEVASCKLSKSC,1
SWKSMAKKLKEYMEKLKQRA,1
AAQEGETLTVEETV,0
VLPIIGNLLNSLL,1
GTACGESCYVLPCFTVGCTCTSSQCFKN,1
GFLSILKKVLPKVMAHMK,1
MMCPRILMKCKHDSDCLPGCVCLEHIEYCG,0
FMPILSCSRFKRC,1
GEDEYAEGIREYQLIHGKI,0
RAGLKFPVGRVHRLLR,0
MTRVQFKHHHHHHHPD,0
FIHHIFRGIVHAGRSIGRFLTG,1
GLLGSLFGAGKKVACALSGLC,0
ASLVTSFEEA,0
CYIQNCPRGGKRSYPDTAVPQCIPCGP,0
GIGAVLKVLTTGLPALISWIKRKRQQ,1
PSYKLHYFDLRAAGE,0
RGGGLCYCRRRFCVCVGR,1
FMKVIDPGTKWCGPGNKAADDTDNGKN,0
GLPVCGETCFGGTCNTPGCSCTWPICTRD,1
LSLALAALPKLFCLIFKKC,1
IIIQYEGHKH,1
TRSSRAGLQFPVGRVHRLLRK,1
KQEGRDHDKSKGHFHMIVIHHKGGQAHHG,1
FLPLFASLIGKLL,1
GRRCPRIYMECKRDADCLADCVCLQHGICG,0
MRTGNAD,1
GVVDILKGAGKDLLAHLVGKISEKV,1
FLGGLIKWPWWPWRR,1
GFVDFLKKVAGTIANVVT,1
AKLDETLTMLKALTDAKGVPGNEREARDVM,0
GVGDLIRKAVSVIKNIV,0
FLPILINLIHKGLL,1
CPRILMKCKLDTDCFPTCTCRPSGFCG,0
QKKDKKDRFYGLM,0
VGTRVVRIEDQQLITQGGTYVEDL,0
MNRLKEIFQKEITPALVSKF,0
NSELINSILGLPKVMNEA,0
GLWSKIKEAAKTAGKAAMGFVNEMV,0
GYEDEDEDRPFYALGLGKRPRTYSFGL,0
LIGPVLGLVGSALGGLLKKIG,1
GFRDGSADRISHGF,0
VVNGKPTRTNVGRMVSLKYRNKHI,0
AEELVKPYNGDPFVGHLSTP,0
MRITVNVDGTSYTDEVEPRTLLVH,0
KWKLFKKGIGAVLKV,1
GGETGSDAKAMWFGPRL,0
SPCTCSTCNCAGACNSCSCTSCSH,0
GLGSVLGKALKIGANLL,1
FLPLLAGLAANFLPKIFCKITRKC,1
ESLPLAAFHQVDVYTAK,0
ILQKAVLDCLKAAGSSLSKAAITAIYNKIT,1
CLGVGSCNDFAGCGYAVVCFW,1
VPPIGWF,0
GLFTLIKCAYQLIAPTVACN,1
GNNRPVYIPQPRPPHPRL,1
GMATKAGTAFGKAAKAIIGAAL,1
SVAGRAQGM,1
MIYDSQIYTVLCIALLAGILAIRLGSTLYE,0
GLISGILGVGKMLVCGLSGLC,1
GILDTIKNAAKTVAVGLLEKIKCKMTGC,1
PRGSPRTEYEAARR,0
GFRDVLKGAAKAFVKTVAGHIANI,1
ITSVSWCTPGCTSEGGGSGCSHCC,1
GLPVCGETCAGGTCNTPGCSCSWPICTRN,1
KFKVVTTFTVIQDIAQNVAGDAAT,0
MVPYRNPRHQHVASVLRSGG,0
ANPTFGFTPLGLSSDAN,0
ACHAHCQSVGRRGGYCGNFRMTCYCY,1
MVKAVTVLNSSEGPHGIVYFAQEGDGPTTV,0
SNMIEGVFAKGFKKASHLFKGIG,1
VSDSQNSQDGLDPE,0
GSNIEVMLGLPNSDVK,0
MREAICIHIGQAGYQIGNACSQLFC,0
FPLALLCKVFKKC,1
GLFGVLAKVASHVVPAIAEHFQA,1
FFPIVAGVAGQVLKKIYCTISKKC,1
GGESSNEAKGMWFGPRL,0
FLPIIAKLLGGLL,0
GLWSTIKNVGKEAAIAAGKAVLGSL,1
ILGLNTLGVSLAR,0
FLWGLIPGAISAVTSLIKK,1
GIPCGESCVWIPCLTSAIGCSCKSKVCYRN,0
IFSAIAGLLSNLL,1
FLGGLIKIVPAMICAVTKK,1
IKIPAFVKDTLKKVAKGVISAVAGALTQ,1
GLVSSIGRALGGLLADVVKSKGQPA,0
FLPFLIPALTSLISSL,1
GLLDLAKHVIGIASKL,1
KEEAKVLGTVIGIDLGTQYL,0
RCRFCCRCCPRMRGCGICCRF,1
AKKVFKRLEKLFSKIQNDK,1
LGALGCVFPELLSGNGVKFGYA,0
ATRVVYCNRRSGSVVGGDDTVYYEG,1
FLPIIGKLLSGLL,1
GKPRPYSPRPTSHPRPIRV,1
ISCQDVKQSLAPCLPYVTGRAPKPA,1
CLGVGSCNDFAGCGYAIVCFW,1
GIFPIFAKLLGKVIKVASSLISKGRTE,1
FLGGLIKIVPAMICAVRKKC,1
GSRYLCTPGSCWKLVCFTTTVK,1
MSKRAMKKIIPLITLFVVTLVG,0
FLPMLAGLAANFLPKIVCKITKKC,1
GGSGSGETSGMWFGPRL,0
SAVGRHGRRFGLRKHRKH,1
GLLLDTVKGAAKNVAGILLNKLKCKMTGDC,1
MIIGAVEAGGTKFVDGVGNEKGEIFER,0
GWKSVFRKAKKVGKTVGGLALDHYL,1
MKLIAKTRILNTLVFSAAGK,0
LDYDHEEEDGRTKVTFDAR,0
GVPICGETCTLGTCYTAGCSCSWPVCTRN,1
DQPGDVKTHKQYDVNYLFFKI,0
HSDAVFTDNYSRFRKQMAAKKYLNS,0
FPPWVL,0
CAWYNISCRLGNKGAYCTLTVECMPSCN,1
GLKDKFKSMGEKLKQYIQTWKAKF,1
FFPLLFGALSSHLPKLF,1
FLPILGKLLSGIL,1
FLSAITSLLGKLL,1
FLGSIVGALASALPSLISKIRN,1
MATRRFSCLLLSTSEIDLSVKRRI,0
FLPMLAGLAASMVPKFVCLITKKC,1
LMRKDVDTLTD,0
GSKKPVPIIYCNRRTGKCQRM,0
MDAVLSVQGASAPVKKKSFFS,0
GTGITEEFEEVPVQSRGFGILDVGYR,0
GLMDTVKNAAKNLAGQLLDTIKCKMTGC,1
AEKLEPVLPLIV,0
LLGMIPLAISAISSLSKL,1
HSDGLFTSEYSKMRGNAQVQKFIQNLM,0
RWCFRVCYRGICYRKCR,1
GVLDILKNAAKNILAHAAEQI,1
GIKDWIKGAAKKLIKTVASNIANQ,1
FLPILAGLAANILPKVFCSITKKC,1
FLPLLASLFSRLF,1
VATSEQFNKTFIELVIVVD,0
FIGTALGIASAIPAIVKLFK,1
GGGVIQTISHECRMNSWQFLFTCCS,1
VSCEDCPDHCSTQKARAKCDNDKCVCEPI,0
FLSSIGKILGNLL,1
ANFPTVSLNTVGITRQIPQDFMNAV,0
ITIPPIVKDTLKKFIKGAISGVM,1
FLPLLAGLAANFLPKIFCKITKKC,1
EDDHDHHHHHHHHHHHHGVGGGGGGGGGGA,0
GILSGILGAGKSLVCGLSGLC,1
GIPCGESCVFIPCITGAIGCSCKSKVCYRN,1
KVPVDDQFRRVNNGGATDTR,0
KAKLFKKIGIGKFLHSAKKF,1
DVVASSTAHKQQDINHLLDK,0
FLGMIPGLIGGLISAFK,1
AGQDGFMRF,0
GLWKSLLKNVGKAAGKAALNAVTDMVNQA,0
VRPYLVAF,1
LMCTHPLDCSN,1
FLPILGNLLSGLL,1
GLLSGILGAGKHIVCGLTGCAKA,1
NSGGGEGSGMWFGPRL,0
GLLDTLKGAAKNVVGSLASKVMEKL,1
ILGTILGLLKSL,0
LSDYDEEEDERAKATLDAR,0
FLPAALAGIGGILGKLF,1
TALPQLRLPATSRILCAGVLEGGIDTCNR,0
FLSLALAALPKFLCLVFKKC,0
FDKNQPWGVIRDLNVVNFKR,0
IFHHIFKGIVHVGKTIHRLVTG,1
TPEHQRYVELFIVVDHGM,0
NLKALAALAKKIL,1
EPNPNEFFGLM,1
GKGRWLERIGKAGGIIIGGALDHL,1
LGGLIKIVPAMICAVTKKC,1
GIGTKILGGVKTALKGALKELASTYAN,1
GFKDWIKGAAKKLIKTVASAIANQ,0
DSHAKRHHGYKRKFHEKHHSHRGY,1
CVHWQTNTARTSCIGP,1
ASILTNAS,1
ALWKNMLSGIGKLAGQAALGAVKTLV,0
VGCEEDPMHCKGKQAKPTCCNGVCNCNV,0
CYIQNCPRG,0
LENGLLRKPPMG,0
SPAPPACDPRLLNKLLRDDHVLHGRL,0
ANFEIVNNCPYTVWAAASPGGGRRLDRGQT,1
GFKDWIKGAAKKLIKTVASSIANQ,1
FLPAIVGAAGQFLPKIFCAISKKC,0
EPHPNEFVGLM,1
VFQFLGKIIHHVGNFVHGFSHVF,1
MYKLLIINP,0
TGDMSGEGKGMWFGPRL,0
MLHHMTSRANLLLLRRGGSQRS,0
EWEPVQNGGSSYYMVPRIWA,1
MMIPGHFDYHRPKSV,0
RIIDLLWRVRRPQKPKFVTVWVR,1
FFPIGVFCKIFKTC,1
FPPPGESAVDMSFFYALSNP,1
RQRVEELSKFSKKGAAARRRK,1
ALLDKLKSLGKVVGKVAIGVAQHYLNPQQ,1
GFGSFLGKALKAALKIGANVLGGAPEQ,1
NFDEIDRSGFGFN,0
QGLIPFPRV,0
FLPLVRGAAKLIPSVVCAISKRC,1
VAGKSFVPIAAGRQ,0
MRAKWRKKRTRRLKRKRRKVRARSK,0
GIGALSAKGALKGLAKGLAEHFAN,1
GIGAAILSAGKSIIKGLANGLAEHF,1
MWKKPAFIDLRLGLEVTLYISNR,0
VGALAVVVWLWLWLW,1
GLWQKIKNAAGDLASGIVEGIKS,0
KLGEFSPTRTYRGHNKKDKKMQKK,0
VDKPPYLPRPPPPRRIYNNR,1
FFPIVGKLLS,1
MIPAAFDYVAPSTVDEAVQAL,0
GIHDALKYGKPS,1
SLRKMHALGET,0
MCICKNGKPLPGFIGKICRKICMMQQTH,0
QRFSQPTFKLPQGRLTLSRKF,1
DRVYIHPFHLLVYS,0
AAPGALEVLETSPDSFEDGSET,0
RVKRVWPLVIRTVIAGYNLYRAIKKK,1
AAPRGGKGFFCKLFKDC,1
GLKEIFKAGLGSLVKGIAAHVAS,1
VDKGSYLPRPTPPRPIYNRN,0
GLFSVLGAVAKHVLPHVVPVIAEK,1
GMWSKILGHLIR,1
FLPVLAGIAAKVVPALFCKITKKC,1
ALWKDILKNAGKAALNEINQLVNQ,1
ATNIPFKVHFRCKAAFC,1
ASSGWVCTLTIECGTVICACR,1
INWKALLDAAKKVL,1
FLSLIPHAINAISAIADHF,0
KWCFRVCYRGICYRKCR,1
SPGGA,1
GIPCGESCVFIPCISSVIGCSCSSKVCYRN,1
ADTGDGDFITEGGGVR,0
GYIAYVHQNELVKR,0
STAGDTHLGGEDF,0
LGYLGTCPTNIGTGLR,0
RGSNLTHPLRNIGDLFYVGN,0
MHPVLRQMRPQQQAPSQQQPQKALLAP,0
WGIRRILKYGKRS,1
IGCGGGAVACQNYRQFCR,1
ATITFTNKCTRTVWPGG,1
CVISAGWNHKIRCKLTGNC,1
FLPIVGKLLSGLSGLS,1
GNNRPVYIPQPRPPHPRI,1
KRGSGWIATITDDCPNSVFVCC,1
GSAIACGESCFKFKCYTPGCSCSYPICKKD,0
FKIPPIVKDTLKKFFKGGIAGVMGQ,1
FLPIITNLLGKLL,1
ALLDKLKSLGKVVGKVALGVVQNYLNPRQ,1
QSERFEQQMQGQDFSHDERFLSQAA,1
HVVAAITALKERGGSSHQALKKYKAAN,0
AHDRNPLEEYFRETDYEEFL,1
GELDELVYLLDGPGYDPIHS,1
NPQQDFMRF,0
FTSKKSMLLFFFLGTISLSLCQ,1
AGECVQGRCPSGMCCSQFGYCGRGPKYCGR,1
MNPNCARCGKIVYPTEKVNCLDKFWHKACF,0
AVVNGVNYVGETTAA,1
IDAFQDTLYTHTLRTYLGRPWK,0
FLPAIAGVAAKFLPKIFCAISKKC,0
AWKLFDDGV,1
QCVGTITLDQSDDLFDLNCNELQSVR,1
VFQFLGRIIHHVGNFVHGFSHVF,1
ATPFGGSSYEGH,0
ALFSILRGLKKLGKMGQAFVNCEIYKKC,1
NCPYCVVYCCPPAYCEASGCRPP,0
CLGIGSCNNFAGCGYAVVCFW,0
VGIGTPIFSYGGGAGHVPEYF,1
MLLHRLSKFCKIERDIVYIS,0
KLCGETCFKFKCYTPGCSCSYPFCK,1
FLPIIAKLVSGLL,0
INWKKIASIGKEVLKAL,1
YDPSPLQDFCVAD,0
FKGGGPYGQGVTRG,0
GLLASLGKVLGGYLAEKLKPK,0
GVFTFEDESTSTVAPAKLYK,0
RNEEERLINHLFKERGYNKELRPAQT,0
SIKEKICKIIEAKIGKKPPFCP,0
LKLSPKTKDTLKKVLKGAIKGAIAIASMA,1
GNNRPIYIPQPRPPHPRL,1
AWLDKLKSIGKVVGKVAIGVAKNLLNPQ,1
GAFGNLLKGVAKKAGLKILSIAQCKLSGTC,1
GVIDAAKKVVNVLKNLP,1
NLFQFAEMIVKMTGKEAVH,0
AYELPELPYAYDA,0
SFPFFPPGICKRLKRC,1
KIPCGESCVWIPCVTSIFNCKCENKVCYHD,0
SLLSLIRKLIT,1
MSILPLVHAMANVRGDIEYLTEA,0
SLFGTFAKMALKGASKLIPHLLPSRQQ,1
NVRFDLSGATSSSYKTFIKN,0
CSTNTFSLSDYWGNNGAWCTLTHECMAWCK,1
SPRRRTPSPRRRRSQSPRRRR,1
GKNGVFKTISHECHLNTWAFLATCCS,1
GSKKPVPIIYCNRRTGKCQRM,1
VATFTLPDLPYDYGALEPAV,0
KWKLFKKIKFLHSAKKF,1
MKIKFVFDLLTPDDILHPSNHVNLIIRPI,0
SIGAKILGGVKTFFKGALKELASTYLQ,1
VVAAGANPVLITRDLVNVLEDAIR,0
ASEALVEIKPGEIGMVSGIPDEHLRRFVVI,0
FIHHIIGWISHGVRAIHRAIHG,1
GLLGMVGSLLGGLGL,0
DVNGGGHTLPQPLYQTTVVL,0
GGSSGLIAFPRL,0
MNERVKQVASALVDAIQKTLTEQRV,0
GFCRCLCRRGVCRCICTR,1
MIKPDGVQRGLVGEIISRGDFAIDIGR,0
FYSAPTRDNVFEL,0
VIPFVASVAAEMMQHVYCAASKKC,1
FLPMLAGLAASMVPKLVCLITKKC,1
KLKNFAKGVAQSLLNKASCKLSGQC,0
DSHEERRQGRHGHHEYGRKFHEKHHSHRGY,1
GIFSNMYARTPAGYFRGPAGYAAN,1
FIHHIIGGLFSVGKHIHGLIHGH,1
TKDEGTFIAEGGGVR,0
DCTRWIIGINGRICRD,1
FLPIALKALGSIFPKIL,1
ILPWKWPWWPWRR,1
ISALFDEYEPLNDAD,0
GLLDIVTGLLGNLIVDVLKPKTPAS,0
QWGRRCCGWGPGRRYCVRWC,1
GILGNIVGMGKKIVCGLSGLC,1
SLGSFMKGVGKGLATVGKIVADQFGKLLEA,1
GLPVCGETCVGGTCNTPGCTCSWPVCTRN,1
FLPVIAGVAANFLPKLFCAISKKC,1
IWSAIWSGIKGLL,1
FKGGGPYGQGVTRGQDLSGKDF,0
GLVASIGRALGGLLADVVKSKEQPA,1
AKKRAGNGCFGLKLDRIGSMSGLGC,0
GSAFCGETCVLGTCYTPDCSCTALVCLKN,0
AFCCPSGWSAYDQ,0
MDTQGFSCLLLLISEIDLSVKRRI,0
GWKDWAKKAGGWLKKKGPGMAKAALKAAMQ,0
APVPGLSPFRVV,0
GLLSVLGSVVKHVIPHVVPVIAEHL,1
AQITLTNKASYTVTPPAQANAADA,0
FLSGIVGMLGKLF,1
FLGALWNVAKSVF,1
GAFGNFLKGVAKKAGLKILSIAQCKLSGTC,1
AQAATPAADGKKKISIDTR,0
GSLTGLISMPRT,0
EELRPEVLPDVSE,0
GLWKNMLSGIGKLAGEAALGAVKTLV,0
ILGKIWEGIKSLF,1
LIKIVPAMICAVTKKC,1
AAAPDIPIANVNA,0
LKPDEELQGPGGVLSRGYFVFRPRN,0
GWKKWLRKGAKHLGQAAIK,1
IDPFVAGVAAEMMQHVYCAASKKC,1
QHLADYDEVEDDRAKLHLDAR,0
FLGGLMKAFPAIICAVTKKC,0
MALNLQDKQAIVAEVSEVAKG,0
ASEDTAEAAAPSA,0
RSELIVHQR,1
FLSLIPHAINAVSTLVHHF,1
RAIGGGLSSVGGGSSTIKY,1
FFPFLLGALGSLLPKIF,1
SLWETIKNAGKGFIQNLDKIR,1
FLPIIASVAAKVFPKIFCAISKKC,1
MALNLQDKQAIVAEVSEVAK,0
FLPLIAGLIGKLF,1
FLSLIPHAINAVSALANHG,0
GIFGKILGVGKKVLCGLSGMC,1
GYGGHGGHGGHGGHGGHGGHGHGGGGHG,1
AGLPTEEKPPLL,0
FLSAIASMLGKFL,1
HKTDSFVGLM,0
GLWSTIKQKGKEAAIAAAKAAGQAALGAL,1
APVSVGGGTVLAKMYPRGNHWAVGHLM,0
INWKKIFEKVKNLV,1
MWPFPSDK,0
ALWLAIRKR,1
GFISTVKNLATNVAGTVIDTIKCKVTGGC,1
AVNIPFKVHFRCKAAFC,1
GWINEEKIQKKIDEP,0
APGDLLWSDEFDGAAGSAPNP,0
FFPVIGRILNGIL,1
RPPGFSPFR,1
RSVCRQIKICRRRGGCYYKCTNRPY,0
TCSYTMEA,1
MAPRGFSCLLLSTSEIDLPMAPVKRRA,0
TVLKTDAQCNCEAFKALSLP,0
IKIMDILAKLGKVLAHV,1
FLPAIVGAAGKFLPKIFCAISKKC,0
FLSLIPHAINAVSALVHHF,0
GNRPVYIPPPRPPHPRL,0
GAWKNFWSSLRKGFYDGEAGRAIRR,1
GLGSLVGNALRIGAKLL,1
GLLSGILGAGKHIVCGLSGLK,1
GGCDGDRQDM,0
ILGPILGLVSNALGGLL,1
GVCRCLCRRGVCRCLCRR,1
KRKKHRCRVYNNGMPTGMYRWC,1
HKTDSFVGLM,1
KRWWKWWRRC,1
WVDADLNGLR,0
GVLDILKGAGKDLLAHALSKISEKV,1
GIHDIAKYGKPS,1
GLWSKIKDVAAAAGKAALGAVNEALGEQ,1
KHFGKDSNFPFGT,0
SGLQFAVMDGQGFLPFPRV,0
MIINNNISALNANRQLNLTGNSMTK,0
FLGPIIKIATGILPTAICKFLKKC,1
CVQSCSFGPLTWSCDGNTK,0
GFRDVLKGAAKAFVKTVAGHIAN,0
FLPIAGKLLSGLSGLL,1
FFGSLLSLGSKLLPSVFKLFQRKKE,1
QQRFPQRYVQLVITVDHVMN,0
GAIKDALKGAAKTVAVELLKKAQCKLEKTC,1
GLVGEIISRGDFAIDIGR,0
GIHDILKYGKPS,1
IPLDPVAGYKEPA,0
GRADYNFGYGLGRGTRKFFNGIGRWVRKTF,0
GLFDIIKKIAESI,0
MAADIISTIGDLVKLIINTVKKFQK,1
MTRVQFKHHHHPD,0
GLVSSIGRALGGLLADVVKSKEQPA,1
GGETSGETKGMWFGPRL,0
GIADILKGLLG,1
FLPPSPWKETFRTS,1
GIGSAILSAGKSALKGLAKGLAEHFAN,1
FITLLLRKFICSITKKC,1
MIFVATSLSCRWWWPVM,0
FENKVPEKQKLFQEDNGIPVHLKG,0
IPLPLGYFAKKT,1
IIGAIAAALPHVINAIKNTF,1
FLFSLIPSAISGLISAFKGRR,1
QGIGVGDNDGKRGKR,1
GLLQTIKEKLKELATGLVIGVQS,0
MDIISLGWAGVMTMFTFSLALVVWGRNGF,0
FLPAIVGAAAKFLPKIFCVISKKC,1
ADDSDPVGGEFLAEGGGVR,0
HSDAVFTDNYTRLRKQMAVKKYLNSILN,1
GLLSLLSLLGKLL,1
FIGAILPAIAGLVHGLINR,0
ECCHRQLLCCLRFV,0
FRLSPAARNILEKHSLDASQGTATGPR,0
GFGSLLGKALKIGTNLL,1
DVLELTDENFESRVSSDTG,0
MRAKWRKKRMRRLKRKRRKMRQRSK,0
FGLPMLSILPKALCILLKRKC,1
MSIADLKSRLIKASTS,0
GLFDIVKKVVGAIGSL,1
MKFGLFFQNFLSENQSSE,0
GVFLDALKKFAKGGMNAVLNPK,1
MQLFHLCLIISCSCPTVQASKLCLGWL,0
FLPFIAGMAAKFLPKIFCAISKKC,0
TCESPSHKFKGPCATNRNCES,1
RRWCFRVCYKGFCYRKCR,0
MKCNECNRVQLKEGSVSLTL,0
GLFDIVKKIAGHIAGSI,0
AIGSILGALAKGLPTLISWIKNR,1
FLAKKVGKQLASHLAKKQLE,0
HLLQFNKMIKFETRKNAIPFYAF,0
GIHRILKYGKPS,1
DPMPAEDIVDLAYES,0
KKKKPLFGLFFGLF,1
MNNSCLSQSTQWWWRAN,0
AGYLLGKINLKALAALAKKIL,1
FFGSVLKLIPKIL,1
GLLDFAKHVIGIASKLG,1
ALTEQASKVALTADL,0
DGVTDPLEVNVVK,0
MKTILRFVAGYDIASHKKKTGGYPWERGKA,1
GPVGLLSSPGSLPPVGGAP,1
FNAGGHINHSLFWQNLAPASSNEAK,0
MLVFQMRNVDKTSTVLKQTKNSDYADK,0
LLGMIPVAISAISALSKL,1
MDFNISGIGNVS,0
GLPVCGETCFGGTCNTPGCTCDPWPVCTRN,1
GFRDVLKGAAKQFVKTVAGHIANI,0
FLPAIFRMAAKVVPTIICSITKKC,1
NLMQFELLIMKVAGRSGIVWYSD,0
AYVSQSGAPWGLGRISHK,0
ILGKILEGIKSLF,1
IAIFNAYTPLPFAD,0
GMWGSLLKGVATVVKHVLPHALSSQQS,1
INLKAIAAMAKKLL,0
CTFTLPGGGGVCTLTSECIC,1
TAGFGVFTNIINGGLECGK,0
VIVFVASVAAEMMQHVYCAASKKC,1
VRPYLVAFYESH,0
GGPAGKQNAVNQLLVLIYDPKSYKD,0
INWLKLGKMVIDAL,0
FLPGLLAGLL,1
RRWCFRVCYKGFCYRKCR,1
GDSEVPGMWFGPRL,0
GIVDFAKGVLGKIKNVLGI,1
FLGGLMKIIPAAFCAVTKKC,1
FLPAVLKVAAHILPTAICAISRRC,1
AMVSS,1
GVLDIFKDAAKQILAHAAEKQI,1
GLFDIVKKVVGAFGSL,0
RVCYAIPLPIC,1
FFGAIAAALPHVISAIKNAL,1
ISAEAPLYAEVGMPALSPTMT,0
FIPLVSGLFSRLL,1
PFNVGGLDKFGTLN,0
GINTLKKVIQGLHEVIKLVSNHE,0
MVKTPITEAIAAADTQGRFLS,0
FGLIPSMMGGLVSAFK,1
GFRDVLKGAAKAFVKTVAGHIAN,1
SGGGNVIMNQMNKRNHAKD,0
ISGLIYEETRIFLENVIR,0
GLVTGLLKTAGKLLGDLFGSLTG,1
SLEDIEHEVEELLR,0
LKLLKKL,1
CKPASIKIRLNSTADTGFYV,0
MMRLVIILIVLLLISFSAY,0
KIANGSGSEQDIAEAKI,0
KIPCGESCVWIPCLTSVFNCKCENKVCYHD,1
GILDAITGLL,1
HSDLPSGVYDPAQA,0
MLMPKRVKYRREHRGRMKGRAKAVRI,0
CPCGRRRCCVRGLNVYCCF,0
ALWKDILKNAGKAALNEINQIVQ,0
SVINTQIKPFKTQAFKNGKFIEVTE,0
NGGTSGLFAFPRV,0
GIWGTALKWGVKLLPKLVGMAQTKKQ,1
FIQYLAPLIPHAVKAISDLI,0
EPVKKKDLKKATVPL,0
GGGGSGETSGMWFGPRL,0
FLPVLAGIAAKVVPALFCKITKKC,0
MLKLHGFSVSNYYNMVKLALLEKG,0
EKKPPRPPQWAVGHFM,1
GLPTCGETCTLGKCNTPKCTCNWPICYKN,0
GLFTLIKGAYKNDAPTVACN,1
ILGPVLGLVGNALGGLIKKL,1
FLGPIIKMATGILPTAICKGLKKC,1
GWKDWAKKAGGWLKKKGPGMAKAALKAAMQ,1
VAIALKAAHYHTHKE,1
GSSGGLITFGRT,0
VVGGDECNINEHRSL,0
NAAVAGAVIEGATLTFEVLQ,0
MTPPENKNLVQENKELIQEVLKA,0
FLSLALAALPKFLCLVFKKC,1
TNTPEQQCYLQAKCYIEFYVVV,0
GSGGSGEANGMWFGPRL,0
MMWTKPEVTEMRFGFEVTMYVCNR,0
SGSIIHSMEANVGYSPDKSQNMVLMGGLK,0
GSQLVYREWVGHSNVIKGPP,1
ATIEVYNILPYYYYVSKAWSWNGN,0
RCVCRRGVCRCVCTRGFC,1
FINTIRLLINKYREWKNKKDS,0
RGLRRLGRKIAHGVKKYGPTVLRIIRIAG,1
ALYNSEDLYEETSDSDD,1
VIGGDECDINEHPFL,0
RICPRILMECKADSDCLAQCICEESGFCG,0
FFHLHFHY,1
KIFTKCELARKLRAEGMDGF,1
GFGMLFKFLAKKVAKKLVSHVAQKQLE,0
GLFGVLAKVASHVVPAIAEHFQA,0
ILGPVISTIGGVLGGLLKNL,1
KFLSGGFKEIVCHRYCAKGIAKEFCNCPD,0
GVPCGESCVFIPCITGVIGCSCSSNVCYLN,1
GRPNPVNTKPTPYPRL,1
QSHLSLCRWCCNCCRSNKGC,1
QDSGDGWPQQPFVPRL,0
ALKAALLAILKIVRVIKK,1
SMLSVLKNLGKVGLGFVACKINKQC,1
LDVKKIICVACKIKPNPACKKICPK,1
GAAILTNDNAMDALQDL,0
GECCTDCAQTAAANYC,0
SNMIEGVFAKGFKKASH,1
VDPAQVSGSWRTAAIASD,0
INLKALAALAKKIIL,1
FLGLIFHGLVHAGKLIHGLIHRNRG,1
GNAPAADMVLKAPGDAKMTKTAVP,0
FLPLIAGLAANFLPKIFCAITKKC,1
LLPILGNLLNGLL,1
FVGAIAAALPHVISAIKNAL,1
GIIDIAKKLVGGIRNVLGI,1
MVKIGINEFGRIGRLAFRRIYEL,0
LFCKRGTCHFGRCPSHLIKV,1
TTKPVPSGSPWYGPDRVKNRELEVIHSR,0
IKELLPHLSGIIDSVANAIK,1
PVLQVVRDIHGDILTPDSRYIL,0
GLLSGILGAGKQKVCGLSGLC,1
HSDAIFTDNYSRFRKQMAVKKYLNSVLT,0
GVVTDLLKTAGKLLGNLFGSLSG,1
GPSTDLVIGNKGFDGGIDSAILR,0
KLQELRMWSMLKKWILMFILDFPTR,0
VSDVPNNDDRFTY,0
ASNVPKELVEKGQNRV,0
GWMSKIASGIGTFLSGMQQ,1
HAEGTYTSDVSSYLQDQAAKEFVSWLKTGR,0
CLRFGMRGRELMGGVGKTM,1
FWGHIWNAVKRVGANALHGAVTGALS,0
GLLDTIKGVAKTVAASMLDKLKCKISGC,1
WGIHRILKYGKPS,1
SMWSGMWRRKLKKLRNALKKKLKGEK,1
GIPCAESCVWIPCTVTAIVGCSCSDKVCYN,1
KNWAVLVAGSDGLPNYRHHADV,0
TGVAWRIT,0
QEDIEAGKQKSATCTACHGQEGNST,0
SYSMEHFRWGKPV,1
DCLPDWFHYEGHCYRVFDEPKKWADAEKFC,0
LSCKRGTCHFGRCPSHLIKGSCSGG,1
