DPNATIIMLGTGTGIAPFR,0
IKWKAILDAVKKVL,0
KWKLFKKKTKLFKKFAKKLAKKL,1
ANFEIVNNCPYTVWAAASPGGGRRLDRGQT,0
KNWAVLVAGSNGWPNYRHHA,0
GFGMALRLLRRVL,1
APLTNEYLNHLCHKC,0
AGFVLKGYTKTSQ,0
MVQRGSKVKILRPESYVYNEVGTVAS,0
GLFKVIKKVAKVIKKL,1
TKALGEVDILLTWMQKFYKL,1
NWRKILGKIAKVAAGLLGSMLAGYQV,0
FAKLLAKLAKKSL,1
NHFTLKCPKTALTEPPTLAY,1
MGQGAVEGQLFYNVQ,0
QSPKDAYPYDISELVKDAYPYDISELVK,0
LGQSAASAHHAYIVLAIENSFMTASKKK,1
KWWKKAAKAAKKAAKAAKKWA,1
MSDELIHVVIALGLVISFGLGAITAGVLR,0
GMWSKLLGHLLR,1
TEVTFKVGEGSSGKS,0
FLSLIPKLVKKIIKAFK,1
VAKKLAKLAKKLAKLALAL,1
MGDISPLTGTNGQIR,0
FALAKLAKKAKAKLKKALKAL,1
SIYERCELARELINR,0
TFRAFLSSRLQDLYSIVRRADRAAV,1
FKRLAKIKVLRLAKIKR,1
ETWRTEAPSATGQASSLLGGRLLGQ,1
KAAKKWAKAAKKWAKAWKKAA,1
YSSQLAQVQGLIGNVESQLAEIR,0
LFGFLIPLLPHLIGAIPQVIGAIR,0
FLGMIPKLIKKLIKAFK,1
GVPSVSTVNVAQKQHDVNFLLFKVYI,0
GPLTILHINDVHAAFEQFNT,0
FLGALFKALSKLL,1
GKWKKILGKLIR,1
ISDDIQSIIQGIF,0
VAKALAKALLKALKAL,1
AAVPIVNLKDELLFPSWEALFSGSE,1
EAGEECDCGTPENPCCDAAT,0
ASIIKTTIKVSKAVCKTLTCICTGSCSNCK,0
KWKKLLKKPPPLLKKLLKKL,1
VALGGCLPTVQLGR,0
GILDSLKNFAKDAAGILLKKASCKLSGQC,0
KVKVKVKVPPTKVKVKVK,1
VDPGESTFIDEGATGR,0
IKITTMLAKLGKVLAHV,0
FALAAKALKKLAKKLKKLAKKAL,1
VAKLLAKALKKLL,1
MNKKSIRNVNLKGKRVFDRV,0
FCTCNVKGFNAKNKRGIIYP,1
LVVELAPMEIR,0
FKLAFKLAKKAFL,1
FAKLLAKLAKAKG,1
MSGRGKGGKGLGKGGAKRHRKVLRD,0
ATKGSSDNRVLTGV,0
PAARKAARWAWRMLKKGA,1
ESFSDWWKLLAE,1
NLLQFNKMIKIMTKKNAIPFYSS,0
RAGLQFPVGRLLRRLLRRLLR,1
ILRWPWWPWRRK,1
VNQSETPVKHIGKVF,0
TKPRKTKPRKTKPRKTKPR,1
GFFALIPKIISSPLFKTLLSAVGSALS,1
GFGSKPIDSFGLSWL,1
LRVRLASHLRKLRKRLLRDADDLQKRLAVY,1
PAWRKARRWAWRMKKLAA,1
PAWRKAFRAAWRMLKKAA,1
KRLRRVWRRWR,1
GSEGPLKPGARIFSFDGKDVLRHPT,1
MTDTQVFVALLLALVPAVLAYRLGTELYR,0
HPTWPQKSVWHGSDPNGRRLTESY,1
FAKLFAKLAKKFAL,1
GQVWEATATVNAIRGSVTPAVSQFNARTAD,1
VEWTDAERKAIASL,0
LAGLDTAIILIAFIITASVLAYV,0
VDTVVRKNVDSL,0
ARRRRRHASTKLKRRRRRRRHGKKSHK,0
MSQASSSPGEGPSSEAAAISEAEAASGS,0
KTKLFKKFAKKLAKKLKKLAKKL,1
GRNGKSQSIIVGPWGDRVTN,0
FAKKLAKKLKKLAKKLIGAVLKV,1
VNWRRILGRIIRVVR,1
GAGGALFVHRD,0
YGEPIGVETLTK,0
GRKKRRQRRRGGWMWVTNLRTD,1
GVGSPYVSRLLGICL,1
SPAFQAQKQAKVNDVLDKLY,0
PQTETKASVGFKAGVK,0
RGDLLRHVVKILSKYL,1
MIYDSQVYTVLLIALLASVLAIRLGSTLYQ,0
SKGKKANKDVELARG,0
GIGKFLHAAKKFAKAFVAEIMNS,1
DLYGNIVLSGGSTMF,0
AGDTSSEAKGMWFGPRL,0
TRSSRAGLQWPVGRVHRLLRKGGC,1
MGQEQGIPWIL,0
MDIITLGWVGVLSVFTLSIAFVVWGRHGM,0
VAKKFAKKFKKFAKKFAKFAFAF,1
VNWKKIILGKIIKVVK,1
GLLDVVKGAAKNLLASALDKLKCKVTGC,0
ANEAKVVLVADNVQGDN,0
KLALKLALKALKAAKLA,1
FAKGVGKVGKKAL,1
FAKKLAKKLKKLAKKLAKLAKKL,1
DKNAYGIDLIL,0
KLLKLLLKLYKKLLKLL,1
ANPICPKIPNPTIRISGRNDLCVDVK,0
KWKSFAKTFKSAKKTVAHTALKAISS,1
GVVDILKGAAKDLAGHLASKVMNKI,0
TIFLQQQQQQQQQQQ,0
YGRKKRRQRRRREADFFWSLCTADMS,1
FAKAIAKIAFGKGIGKVGKKLL,1
SLINTEVKPFQATAYHNGQFVEVNE,0
GIIKKIIKKIIKKIIKKI,1
PLLQATLGGGS,1
GRPNPVNNKPTPHPRL,0
VNFKKLLGKLLKVVK,1
KSTDFDYNNKKANYD,0
SSEAAPEEKVAILGA,0
GTSCGETCVLLPCLSSVLGCTCQNKRCYKD,1
VNWKKVLGKVVKVVK,1
FAKLAKKALAKLL,1
KPKCGLCRYRCCSGGCSSGKCVNGACDCS,0
QAANVAATLKG,1
FAKIIAKIAKIAKKIL,1
GSTSECFWKYCV,0
GLMSTLKGAATNAAVTLLNKLQCKLTGTC,0
FLKLLAGLLKNFA,1
KIAKVALAKLGIGAVLKVLTTGL,1
ALPNQQTVDYPSFKSNYNFEKPFLYLAR,0
PDEDAINNALNKVCSTGRRQRSICKQLLKK,1
KKKFPWWWPFKKKCKKKFPWWWPFKKKC,1
AEPLASQLKEPIAGGGWWAA,0
DPPDPDRFYGMM,0
EAAGLISFPRV,0
RKAFRWAWRMLKKAAPSITCVR,1
MGQLNVLTGSKGEIR,0
PAWAKAFRAAARMKLKAA,1
RGSNLTIHPLRNIKDLVYLGNMGIG,0
MKKAWWKEGVVYQIY,0
ACDCRGDCFCGGGGIVRRADRAAVP,1
SHGKVETDEEFDARWVTYFS,0
MSDTATRVQKIVVEHLGVESDKVTQE,0
TAGIKLTVPIEKFPVTTQTFWG,1
PRRRTRRASRPVRRRRPRRVSRRRRARRRR,0
QQDYGTGWMDF,0
KYKKALKKLAKLL,1
GVVDSAIDAETR,0
YRRRRRRGRRGRRRRGRRRRSRGRRRAHGG,0
QKKDKKDKFYGLF,0
KAAKKAWKAWKKAAKAAWKKAA,1
MRGIRGADFQAFQQARAVGLAGTFR,1
FAKFLAKFLKKAL,1
VKSTGRADDDLAVKTKYLPP,0
LGGIVSAVKKIVDFLG,1
HSHRDFQPVLHLVALNSPLSGGMRG,1
MDSVTIAWAALMAISTFSLSLVVRGRSGL,0
FLGWLFKWAWK,1
AINSESGVRSVVPQPCNALPNQGPEK,0
RPRPQQFFGLM,0
KAQIRAMECNIL,1
NYIYSGHNYHQ,0
FAKLLAKALKKFAL,1
FLNPFRWMINKYREWKNKKN,0
MPKEKVFLKIEKMGRNIRN,1
KILRGVAKKIMRTFLRRISKKILTGKK,1
AELPQGLWVRPRLG,0
VVGGAECKIDGHRCLALLY,0
MTTRGFSCLLLLIREIDLSAKRRI,0
KWKLAKKALALL,1
FAKLLALALKLKL,1
KWKSFLKTFKSLKKTVLHTLLKLISS,1
VNSTYIGYAPIDDPK,0
FLAKKVAKKLVSHVAQKQME,0
VIGGVECDINEHRFL,0
GIGKFLHSAKKWGKAFVGQIMNC,1
ALSVPVFAVAPLNKK,0
INWKKIASIGKEVLKAL,0
FAVGLRAIKRALKKLRRGVRKVAKDL,1
DISVVGGTGDFLMAR,0
AWKKWAKAWKWAKAKWWAKAA,1
VAGRSVVKIAEGYL,0
SYAMEHFRWGKPV,0
FAKLLKLAAKKLL,1
MYVLQEINPGITS,0
TLNKVYKFDRDRRFL,0
