Veltri_ABP_esm2_t48_15B_UR50D,Weight,0.9115168539325844,0.9536516853932584,0.9325842696629212,0.8659375493176862,0.9861626465663128,0.9835445335184952
Veltri_ABP_esm2_t36_3B_UR50D,Weight,0.9115168539325844,0.9550561797752808,0.9332865168539326,0.8673955728473434,0.9834637023392848,0.9798301193031184
Veltri_ABP_esm2_t33_650M_UR50D,Weight,0.9087078651685392,0.9592696629213484,0.9339887640449438,0.8690891502126283,0.981915954860028,0.978579488069688
Veltri_ABP_esm2_t30_150M_UR50D,Weight,0.9030898876404494,0.9424157303370788,0.922752808988764,0.8461601737680935,0.9780011928056688,0.9720324138366369
Veltri_ABP_esm2_t12_35M_UR50D,Weight,0.9073033707865168,0.9410112359550562,0.9241573033707864,0.8487969539050809,0.9756647420086486,0.97093367314733
Veltri_ABP_esm2_t6_8M_UR50D,Weight,0.8806179775280899,0.9536516853932584,0.9171348314606742,0.8365035683697278,0.9734578562960482,0.969834932458023
Veltri_ABP_esm1v_t33_650M_UR90S_1,Weight,0.9241573033707864,0.9396067415730336,0.93188202247191,0.8638671472222514,0.9786011410489488,0.9746796490342128
Veltri_ABP_esm1v_t33_650M_UR90S_2,Weight,0.9002808988764045,0.9424157303370788,0.9213483146067416,0.8434456649198242,0.9766012486189232,0.9720915919707108
Veltri_ABP_esm1v_t33_650M_UR90S_3,Weight,0.9087078651685392,0.9339887640449438,0.9213483146067416,0.8429660521224979,0.9800951808515826,0.9767863906072466
Veltri_ABP_esm1v_t33_650M_UR90S_4,Weight,0.9073033707865168,0.9353932584269664,0.9213483146067416,0.84302928751479,0.9792249952402536,0.9743028815806084
Veltri_ABP_esm1v_t33_650M_UR90S_5,Weight,0.9199438202247192,0.9382022471910112,0.9290730337078652,0.8582891433335301,0.980945355830832,0.9773170212094432
Veltri_ABP_esm1b_t33_650M_UR50S,Weight,0.9101123595505618,0.9452247191011236,0.9276685393258428,0.8558648297362852,0.9806923661754656,0.9758691295291
Veltri_ABP_esm1_t34_670M_UR50S,Weight,0.9129213483146068,0.9536516853932584,0.9332865168539326,0.8672927344533691,0.9838746865882668,0.9803193252114634
Veltri_ABP_esm1_t34_670M_UR50D,Weight,0.898876404494382,0.9424157303370788,0.9206460674157304,0.8420906776913432,0.9777708734703529,0.9712552076757984
Veltri_ABP_esm1_t34_670M_UR100,Weight,0.9058988764044944,0.9382022471910112,0.9220505617977528,0.8445418816144378,0.9781937235640138,0.9740997033202878
Veltri_ABP_esm1_t12_85M_UR50S,Weight,0.9030898876404494,0.9382022471910112,0.9206460674157304,0.8418112200526023,0.978109593182364,0.9741805801035224
Veltri_ABP_esm1_t6_43M_UR50S,Weight,0.9185393258426966,0.928370786516854,0.9234550561797752,0.8469510454844268,0.9779036855370096,0.9736775659638932
Veltri_ABP_Tape_bert-base,Weight,0.9157303370786516,0.9002808988764045,0.908005617977528,0.8161086382701269,0.9687258787247496,0.969124794849135
Veltri_ABP_ProtTrans_Prot_albert,Weight,0.9073033707865168,0.9325842696629212,0.9199438202247192,0.8401561652820895,0.975689441759281,0.972097509784118
Veltri_ABP_ProtTrans_Prot_bert_bfd,Weight,0.9129213483146068,0.9157303370786516,0.9143258426966292,0.828654954616641,0.9729204740772056,0.9681838625173588
Veltri_ABP_ProtTrans_Prot_bert,Weight,0.9058988764044944,0.8834269662921348,0.8946629213483146,0.7895252177547967,0.9647881048825095,0.9604216639313218
Veltri_ABP_ProtTrans_Prot_t5_xl_bfd,Weight,0.8960674157303371,0.9382022471910112,0.9171348314606742,0.8350112082706259,0.9764050494151172,0.971407098219922
Veltri_ABP_ProtTrans_Prot_t5_xl_uniref50,Weight,0.8946629213483146,0.9536516853932584,0.9241573033707864,0.8497943990204433,0.9804005980711246,0.9749577862643606
Sharma_AMP_esm2_t48_15B_UR50D,Weight,0.964872521246459,0.9871197588380378,0.9761805265357292,0.9525504719393318,0.9965186656822984,0.9962071179422048
Sharma_AMP_esm2_t36_3B_UR50D,Weight,0.9660056657223796,0.9802685667306112,0.973255328040117,0.9465688095083522,0.9961189328693828,0.9957848671334536
Sharma_AMP_esm2_t33_650M_UR50D,Weight,0.9645892351274789,0.979994519046314,0.9724195570413706,0.9449099559222408,0.9960594391679682,0.995881521345054
Sharma_AMP_esm2_t30_150M_UR50D,Weight,0.9645892351274789,0.9778021375719376,0.9713051957097087,0.9426538395273876,0.9947810511924796,0.9943989466631784
Sharma_AMP_esm2_t12_35M_UR50D,Weight,0.9410764872521248,0.96355165798849,0.9525003482379162,0.9051395003982888,0.9877572756358036,0.9888338378243252
Sharma_AMP_esm2_t6_8M_UR50D,Weight,0.931728045325779,0.9523157029323104,0.9421925059200446,0.8844717033577729,0.9870664711598648,0.9862585659309818
Sharma_AMP_esm1v_t33_650M_UR90S_1,Weight,0.9660056657223796,0.9706768977802136,0.9683799972140966,0.9367449620601026,0.9948959410987313,0.9948560550952296
Sharma_AMP_esm1v_t33_650M_UR90S_2,Weight,0.959773371104816,0.9704028500959166,0.9651762083855692,0.93036410467561,0.9943593539432504,0.9942541206135872
Sharma_AMP_esm1v_t33_650M_UR90S_3,Weight,0.9543909348441928,0.9742395176760756,0.9644797325532805,0.9290799915149852,0.9942422797770988,0.994089420284342
Sharma_AMP_esm1v_t33_650M_UR90S_4,Weight,0.9617563739376772,0.9742395176760756,0.9681014068811812,0.9362343239415466,0.9949046886952786,0.9947786540920442
Sharma_AMP_esm1v_t33_650M_UR90S_5,Weight,0.9657223796033996,0.971773088517402,0.96879788271347,0.9375852205161488,0.9954123041793548,0.9952231858315018
Sharma_AMP_esm1b_t33_650M_UR50S,Weight,0.958356940509915,0.9739654699917786,0.9662905697172308,0.93264437792817,0.9954673073889966,0.9952781506361712
Sharma_AMP_esm1_t34_670M_UR50S,Weight,0.965155807365439,0.9693066593587284,0.9672656358824347,0.9345143414121626,0.995184070037961,0.9949956408562398
Sharma_AMP_esm1_t34_670M_UR50D,Weight,0.9609065155807366,0.9720471362016992,0.9665691600501464,0.9331557939102276,0.9946533584151956,0.9943032240584364
Sharma_AMP_esm1_t34_670M_UR100,Weight,0.9592067988668556,0.9723211838859962,0.9658726842178575,0.9317799690959552,0.9941777024134464,0.993573077182852
Sharma_AMP_esm1_t12_85M_UR50S,Weight,0.9580736543909348,0.9701288024116196,0.9642011422203648,0.9284245532929016,0.9926161927590396,0.992625633007452
Sharma_AMP_esm1_t6_43M_UR50S,Weight,0.9611898016997168,0.9728692792545904,0.9671263407159773,0.9342754673364452,0.9934783694451306,0.9934038352701698
Sharma_AMP_Tape_bert-base,Weight,0.9512747875354108,0.9577966566182516,0.954589775734782,0.9091584753366698,0.9905569132359044,0.9897207275539032
Sharma_AMP_ProtTrans_Prot_albert,Weight,0.9586402266288953,0.9745135653603728,0.966708455216604,0.9334841688089844,0.994382959807987,0.9939538714863864
Sharma_AMP_ProtTrans_Prot_bert_bfd,Weight,0.9515580736543908,0.9690326116744312,0.9604401727260063,0.92095775538888,0.9914517190143676,0.9914039858799452
Sharma_AMP_ProtTrans_Prot_bert,Weight,0.946742209631728,0.9564264181967662,0.9516645772391698,0.9033191354667284,0.9910680623656648,0.9908346964553136
Sharma_AMP_ProtTrans_Prot_t5_xl_bfd,Weight,0.954957507082153,0.9747876130446698,0.9650369132191112,0.9301951987189154,0.993970916957616,0.993707927275663
Sharma_AMP_ProtTrans_Prot_t5_xl_uniref50,Weight,0.9611898016997168,0.9810907097835024,0.9713051957097087,0.942745962366378,0.9956182131742056,0.9955651631825864
iAMP_unbalance_esm2_t48_15B_UR50D,Weight,0.9641304347826088,0.9358695652173912,0.95,0.9003596199662841,0.9947038789036432,0.9942863894139888
iAMP_unbalance_esm2_t36_3B_UR50D,Weight,0.9293478260869564,0.9728260869565216,0.9510869565217392,0.9030278402701823,0.9942417452815212,0.9940418241965971
iAMP_unbalance_esm2_t33_650M_UR50D,Weight,0.9228260869565216,0.9543478260869566,0.9385869565217392,0.8776100268572911,0.9921705502618337,0.9915890831758034
iAMP_unbalance_esm2_t30_150M_UR50D,Weight,0.9293478260869564,0.9228260869565216,0.9260869565217392,0.8521920364127689,0.9887731948676136,0.9881663516068052
iAMP_unbalance_esm2_t12_35M_UR50D,Weight,0.925,0.8967391304347826,0.9108695652173912,0.8220674790996506,0.97517198025229,0.9754229678638942
iAMP_unbalance_esm2_t6_8M_UR50D,Weight,0.8434782608695652,0.9043478260869564,0.8739130434782608,0.7492153353346873,0.9567678239186572,0.9625602551984876
iAMP_unbalance_esm1v_t33_650M_UR90S_1,Weight,0.9586956521739132,0.9532608695652174,0.9559782608695652,0.9119699902044612,0.9935199668932372,0.9930836483931949
iAMP_unbalance_esm1v_t33_650M_UR90S_2,Weight,0.9554347826086956,0.959782608695652,0.957608695652174,0.915226041874926,0.9935984713394062,0.9932608695652172
iAMP_unbalance_esm1v_t33_650M_UR90S_3,Weight,0.9695652173913044,0.9641304347826088,0.9668478260869564,0.9337094416992042,0.9960746688074084,0.9956450850661624
iAMP_unbalance_esm1v_t33_650M_UR90S_4,Weight,0.9489130434782608,0.975,0.9619565217391304,0.9242275789739656,0.9948754128121218,0.9944435255198486
iAMP_unbalance_esm1v_t33_650M_UR90S_5,Weight,0.9532608695652174,0.9239130434782608,0.9385869565217392,0.8775519099432294,0.9928014506146654,0.9920522211720226
iAMP_unbalance_esm1b_t33_650M_UR50S,Weight,0.9445652173913044,0.925,0.9347826086956522,0.8697316989857462,0.992248563766656,0.9916906899810964
iAMP_unbalance_esm1_t34_670M_UR50S,Weight,0.9478260869565216,0.9565217391304348,0.9521739130434784,0.9043820188701543,0.9932165716939366,0.9926902173913044
iAMP_unbalance_esm1_t34_670M_UR50D,Weight,0.9489130434782608,0.9739130434782608,0.9614130434782608,0.9231146053587428,0.995119395937372,0.9947991493383744
iAMP_unbalance_esm1_t34_670M_UR100,Weight,0.9565217391304348,0.9760869565217392,0.966304347826087,0.9327872471622128,0.9951097496419772,0.99492320415879
iAMP_unbalance_esm1_t12_85M_UR50S,Weight,0.9434782608695652,0.975,0.9592391304347826,0.9189349104019962,0.9940824237839732,0.9938775992438564
iAMP_unbalance_esm1_t6_43M_UR50S,Weight,0.9260869565217392,0.9619565217391304,0.9440217391304347,0.8886153199145708,0.9897280837747052,0.990420604914934
iAMP_unbalance_Tape_bert-base,Weight,0.941304347826087,0.9728260869565216,0.9570652173913043,0.9145849226604484,0.994859484521371,0.9947802457466918
iAMP_unbalance_ProtTrans_Prot_albert,Weight,0.9641304347826088,0.9010869565217392,0.932608695652174,0.866941928287969,0.9941000422069356,0.993531427221172
iAMP_unbalance_ProtTrans_Prot_bert_bfd,Weight,0.9456521739130436,0.8913043478260869,0.9184782608695652,0.8381953201462137,0.987528647672644,0.9867793005671076
iAMP_unbalance_ProtTrans_Prot_bert,Weight,0.8576086956521739,0.9097826086956522,0.883695652173913,0.7684379060978782,0.9751226295080888,0.9758234877126654
iAMP_unbalance_ProtTrans_Prot_t5_xl_bfd,Weight,0.9358695652173912,0.9771739130434782,0.9565217391304348,0.9138233247699076,0.9954620775743426,0.995219754253308
iAMP_unbalance_ProtTrans_Prot_t5_xl_uniref50,Weight,0.9521739130434784,0.9358695652173912,0.9440217391304347,0.8881615368787069,0.993740846032712,0.9930659262759924
MAMP_pred_unbalance_esm2_t48_15B_UR50D,Weight,0.8697183098591549,0.8639652677279306,0.8649459783913566,0.6281282623778667,0.619390825141103,0.9246715823158924
MAMP_pred_unbalance_esm2_t36_3B_UR50D,Weight,0.908450704225352,0.8661360347322721,0.8733493397358943,0.6592773529952947,0.6085976530438076,0.930610617394672
MAMP_pred_unbalance_esm2_t33_650M_UR50D,Weight,0.8873239436619719,0.8654124457308249,0.8691476590636255,0.6430131645854787,0.593529585280668,0.9274156152544792
MAMP_pred_unbalance_esm2_t30_150M_UR50D,Weight,0.8626760563380281,0.8104196816208393,0.819327731092437,0.55010340674456,0.5405321043160446,0.8850652758810461
MAMP_pred_unbalance_esm2_t12_35M_UR50D,Weight,0.778169014084507,0.8198263386396527,0.8127250900360145,0.4996851945296168,0.5480187948211548,0.8975089684270601
MAMP_pred_unbalance_esm2_t6_8M_UR50D,Weight,0.8873239436619719,0.7821997105643994,0.8001200480192077,0.5346492586184326,0.526087898258457,0.8951292778377938
MAMP_pred_unbalance_esm1v_t33_650M_UR90S_1,Weight,0.8873239436619719,0.85383502170767,0.8595438175270108,0.6259581835083454,0.6143938920634266,0.92378493100426
MAMP_pred_unbalance_esm1v_t33_650M_UR90S_2,Weight,0.8908450704225352,0.8429811866859623,0.851140456182473,0.6131855613321824,0.6297402056651982,0.9255888078106848
MAMP_pred_unbalance_esm1v_t33_650M_UR90S_3,Weight,0.9049295774647887,0.8502170767004341,0.8595438175270108,0.6334805278624716,0.6073967190130263,0.9224014492162818
MAMP_pred_unbalance_esm1v_t33_650M_UR90S_4,Weight,0.9119718309859156,0.8531114327062229,0.8631452581032413,0.64266945944381,0.6396453137136054,0.9295889301074172
MAMP_pred_unbalance_esm1v_t33_650M_UR90S_5,Weight,0.9190140845070424,0.8429811866859623,0.8559423769507803,0.6334951570124515,0.611572313434699,0.92733153625079
MAMP_pred_unbalance_esm1b_t33_650M_UR50S,Weight,0.9366197183098592,0.8531114327062229,0.8673469387755102,0.6603268611627227,0.6006696710641496,0.9272168830639408
MAMP_pred_unbalance_esm1_t34_670M_UR50S,Weight,0.8626760563380281,0.8748191027496383,0.8727490996398559,0.6397008561141273,0.622866606179718,0.9281927090764558
MAMP_pred_unbalance_esm1_t34_670M_UR50D,Weight,0.8838028169014085,0.8509406657018813,0.8565426170468188,0.6192666377102509,0.6202158298092263,0.9251174558203052
MAMP_pred_unbalance_esm1_t34_670M_UR100,Weight,0.8838028169014085,0.8567293777134588,0.8613445378151261,0.6276082967030718,0.5948353796438284,0.9197363995841912
MAMP_pred_unbalance_esm1_t12_85M_UR50S,Weight,0.926056338028169,0.849493487698987,0.8625450180072028,0.6476322840609728,0.5832700893829005,0.9233084833166872
MAMP_pred_unbalance_esm1_t6_43M_UR50S,Weight,0.8415492957746479,0.8502170767004341,0.8487394957983193,0.587523569172707,0.5907325956327121,0.9165592323841748
MAMP_pred_unbalance_Tape_bert-base,Weight,0.8697183098591549,0.8400868306801736,0.8451380552220888,0.5938831402192186,0.611890156032204,0.9213644748374472
MAMP_pred_unbalance_ProtTrans_Prot_albert,Weight,0.8661971830985915,0.8531114327062229,0.8553421368547419,0.6096211055400352,0.5483613821710575,0.90967494547604
MAMP_pred_unbalance_ProtTrans_Prot_bert_bfd,Weight,0.9788732394366196,0.5267727930535456,0.6038415366146459,0.3830044406714677,0.5284798110926501,0.8735413566784207
MAMP_pred_unbalance_ProtTrans_Prot_bert,Weight,0.8028169014084507,0.6439942112879884,0.6710684273709484,0.3391761772698287,0.5316412498977686,0.843267819653085
MAMP_pred_unbalance_ProtTrans_Prot_t5_xl_bfd,Weight,0.8908450704225352,0.8589001447178003,0.8643457382953181,0.6358640079957966,0.618949394797835,0.9262334135056358
MAMP_pred_unbalance_ProtTrans_Prot_t5_xl_uniref50,Weight,0.9014084507042254,0.8509406657018813,0.8595438175270108,0.6319727837469737,0.6124351945833485,0.9246053382523796
Yan_Deep_AMP_esm2_t48_15B_UR50D,Weight,0.7553191489361702,0.8297872340425532,0.7925531914893617,0.5867355143396497,0.9026780450358112,0.8850158442734269
Yan_Deep_AMP_esm2_t36_3B_UR50D,Weight,0.7978723404255319,0.8404255319148937,0.8191489361702128,0.6388765649999398,0.9102167942971036,0.900181077410593
Yan_Deep_AMP_esm2_t33_650M_UR50D,Weight,0.7659574468085106,0.8085106382978723,0.7872340425531915,0.5749889084999459,0.8888645550595858,0.8779990946129471
Yan_Deep_AMP_esm2_t30_150M_UR50D,Weight,0.7978723404255319,0.7659574468085106,0.7819148936170213,0.5641171541346606,0.8618557144072057,0.867247623358986
Yan_Deep_AMP_esm2_t12_35M_UR50D,Weight,0.7446808510638298,0.7978723404255319,0.7712765957446809,0.5433223562855042,0.8787267179699179,0.8635129017655047
Yan_Deep_AMP_esm2_t6_8M_UR50D,Weight,0.7553191489361702,0.8297872340425532,0.7925531914893617,0.5867355143396497,0.8513249131389016,0.8529877772747849
Yan_Deep_AMP_esm1v_t33_650M_UR90S_1,Weight,0.7553191489361702,0.7978723404255319,0.776595744680851,0.5536930229999479,0.8860592094906714,0.8746038931643277
Yan_Deep_AMP_esm1v_t33_650M_UR90S_2,Weight,0.7659574468085106,0.7978723404255319,0.7819148936170213,0.5641171541346606,0.9036144554273946,0.8825260298777726
Yan_Deep_AMP_esm1v_t33_650M_UR90S_3,Weight,0.7340425531914894,0.8085106382978723,0.7712765957446809,0.5440638405694933,0.8914679930536242,0.8803757356269806
Yan_Deep_AMP_esm1v_t33_650M_UR90S_4,Weight,0.7446808510638298,0.8085106382978723,0.776595744680851,0.5543218625245872,0.8720073190684569,0.8698506111362607
Yan_Deep_AMP_esm1v_t33_650M_UR90S_5,Weight,0.7659574468085106,0.8191489361702128,0.7925531914893617,0.5859358744255436,0.8878708543862218,0.8807152557718424
Yan_Deep_AMP_esm1b_t33_650M_UR50S,Weight,0.7553191489361702,0.776595744680851,0.7659574468085106,0.5320353317242179,0.8714265095501118,0.8601177003168854
Yan_Deep_AMP_esm1_t34_670M_UR50S,Weight,0.7553191489361702,0.7978723404255319,0.776595744680851,0.5536930229999479,0.8731688544347185,0.8622679945676777
Yan_Deep_AMP_esm1_t34_670M_UR50D,Weight,0.7978723404255319,0.776595744680851,0.7872340425531915,0.5745981582621553,0.85862450022607,0.854232684472612
Yan_Deep_AMP_esm1_t34_670M_UR100,Weight,0.7446808510638298,0.7978723404255319,0.7712765957446809,0.5433223562855042,0.8698593948358502,0.858985966500679
Yan_Deep_AMP_esm1_t12_85M_UR50S,Weight,0.7553191489361702,0.776595744680851,0.7659574468085106,0.5320353317242179,0.8608554889510269,0.8398596650067903
Yan_Deep_AMP_esm1_t6_43M_UR50S,Weight,0.7446808510638298,0.7872340425531915,0.7659574468085106,0.5323971374999499,0.8655977002409414,0.8635129017655048
Yan_Deep_AMP_Tape_bert-base,Weight,0.7553191489361702,0.8085106382978723,0.7819148936170213,0.5646291153555238,0.88357197259665,0.8643051154368493
Yan_Deep_AMP_ProtTrans_Prot_albert,Weight,0.7127659574468085,0.7553191489361702,0.7340425531914894,0.4685094809999559,0.8526800207849807,0.835559076505206
Yan_Deep_AMP_ProtTrans_Prot_bert_bfd,Weight,0.7553191489361702,0.7978723404255319,0.776595744680851,0.5536930229999479,0.873553449844014,0.8595518334087823
Yan_Deep_AMP_ProtTrans_Prot_bert,Weight,0.7127659574468085,0.776595744680851,0.7446808510638298,0.490361647617904,0.7798752358032346,0.7900633770937076
Yan_Deep_AMP_ProtTrans_Prot_t5_xl_bfd,Weight,0.776595744680851,0.7872340425531915,0.7819148936170213,0.5638616952042577,0.8629991544426356,0.8706428248076052
Yan_Deep_AMP_ProtTrans_Prot_t5_xl_uniref50,Weight,0.723404255319149,0.776595744680851,0.75,0.5007088381454646,0.8882259786434388,0.8773200543232231
AMP_esm2_t48_15B_UR50D,Weight,0.8790951638065523,0.9422100741897697,0.9106341463414634,0.8229208577072501,0.9711388656172268,0.9628551639527512
AMP_esm2_t36_3B_UR50D,Weight,0.8342433697347894,0.941429129246388,0.8878048780487805,0.7801285720199739,0.9602672439951512,0.949664687095098
AMP_esm2_t33_650M_UR50D,Weight,0.8237129485179407,0.938305349472862,0.8809756097560976,0.7670315266332935,0.9570407196573728,0.9446701725937058
AMP_esm2_t30_150M_UR50D,Weight,0.8213728549141965,0.9312768449824288,0.8762926829268293,0.7571997162967548,0.9513692594611712,0.9362319162817272
AMP_esm2_t12_35M_UR50D,Weight,0.8108424336973479,0.935572042171027,0.8731707317073171,0.7522475772636447,0.9462533044088056,0.929590533875162
AMP_esm2_t6_8M_UR50D,Weight,0.7964118564742589,0.934010152284264,0.8651707317073171,0.7373921421701776,0.9427960911179608,0.9254532617852936
AMP_esm1v_t33_650M_UR90S_1,Weight,0.8326833073322933,0.932448262397501,0.8825365853658537,0.7689331694799232,0.9569324964833356,0.9446902749206414
AMP_esm1v_t33_650M_UR90S_2,Weight,0.8241029641185648,0.9426005466614604,0.8833170731707317,0.7721020736558867,0.9551720222899162,0.9420489509935728
AMP_esm1v_t33_650M_UR90S_3,Weight,0.8350234009360374,0.93713393205779,0.8860487804878049,0.7761783077586021,0.9589112058393192,0.9468336093849846
AMP_esm1v_t33_650M_UR90S_4,Weight,0.8322932917316692,0.934010152284264,0.8831219512195122,0.7702631181138797,0.957499166095154,0.9447080928922436
AMP_esm1v_t33_650M_UR90S_5,Weight,0.8233229329173167,0.9418196017180788,0.8825365853658537,0.770530106263994,0.9568228444237072,0.9438231336360052
AMP_esm1b_t33_650M_UR50S,Weight,0.8205928237129485,0.9367434595860992,0.8786341463414634,0.7624573111455677,0.9551357490479764,0.9412550613699676
AMP_esm1_t34_670M_UR50S,Weight,0.8510140405616224,0.9316673174541196,0.8913170731707317,0.7852102413310881,0.9624038230686968,0.9526864323303896
AMP_esm1_t34_670M_UR50D,Weight,0.8533541341653667,0.9347910972276454,0.8940487804878049,0.7907418266862334,0.9639522560276148,0.9555063928445464
AMP_esm1_t34_670M_UR100,Weight,0.8576443057722309,0.9316673174541196,0.8946341463414634,0.7914557622045391,0.9640022661838116,0.9543438082700972
AMP_esm1_t12_85M_UR50S,Weight,0.8451638065522621,0.9347910972276454,0.8899512195121951,0.7830742595479733,0.956450566991295,0.9439120712036602
AMP_esm1_t6_43M_UR50S,Weight,0.8326833073322933,0.9363529871144084,0.8844878048780488,0.7731659506194929,0.956966871874495,0.9442201545929856
AMP_Tape_bert-base,Weight,0.8299531981279251,0.9222959781335416,0.8760975609756098,0.7554460831129126,0.955311548756492,0.9436796761210547
AMP_ProtTrans_Prot_albert,Weight,0.8205928237129485,0.9289340101522844,0.8747317073170732,0.7539285264160169,0.951612644955381,0.9390634508629075
AMP_ProtTrans_Prot_bert_bfd,Weight,0.8108424336973479,0.9242483404919952,0.8675121951219512,0.7398271984433914,0.9423681724817295,0.9268847911276856
AMP_ProtTrans_Prot_bert,Weight,0.7999219968798752,0.9090199140960562,0.8544390243902439,0.7131662536500898,0.9391101481971408,0.9227945767576896
AMP_ProtTrans_Prot_t5_xl_bfd,Weight,0.8334633385335414,0.9304959000390473,0.8819512195121951,0.7675476197285245,0.9557017255910808,0.9439662865702444
AMP_ProtTrans_Prot_t5_xl_uniref50,Weight,0.8307332293291732,0.935572042171027,0.8831219512195122,0.770514915411296,0.9574381304129224,0.946353437893861
Li_AVP_esm2_t48_15B_UR50D,Weight,0.8285714285714286,0.7428571428571429,0.8114285714285714,0.5059644256269407,0.9584486066696336,0.8565306122448979
Li_AVP_esm2_t36_3B_UR50D,Weight,0.95,0.5142857142857142,0.8628571428571429,0.530722777603022,0.9530002944472514,0.8483673469387756
Li_AVP_esm2_t33_650M_UR50D,Weight,0.9357142857142856,0.5428571428571428,0.8571428571428571,0.5221642373504104,0.9567860491986974,0.8524489795918367
Li_AVP_esm2_t30_150M_UR50D,Weight,0.9214285714285714,0.6571428571428571,0.8685714285714285,0.5849328448987129,0.9620524415869072,0.8689795918367347
Li_AVP_esm2_t12_35M_UR50D,Weight,0.9,0.5714285714285714,0.8342857142857143,0.4766119476952475,0.9571180083282756,0.8508163265306123
Li_AVP_esm2_t6_8M_UR50D,Weight,0.8857142857142857,0.5428571428571428,0.8171428571428572,0.4285714285714285,0.9573126362261845,0.8571428571428571
Li_AVP_esm1v_t33_650M_UR90S_1,Weight,0.9142857142857144,0.5142857142857142,0.8342857142857143,0.454858826147342,0.970126721377604,0.8865306122448979
Li_AVP_esm1v_t33_650M_UR90S_2,Weight,1.0,0.0285714285714285,0.8057142857142857,0.1516196087157806,0.9674928319829552,0.8820408163265306
Li_AVP_esm1v_t33_650M_UR90S_3,Weight,0.9071428571428573,0.6,0.8457142857142858,0.512718913429736,0.968383879884836,0.8812244897959184
Li_AVP_esm1v_t33_650M_UR90S_4,Weight,0.9071428571428573,0.6285714285714286,0.8514285714285714,0.5357142857142857,0.9688504946171452,0.8844897959183673
Li_AVP_esm1v_t33_650M_UR90S_5,Weight,0.9,0.6,0.84,0.5,0.9737781195317856,0.8959183673469387
Li_AVP_esm1b_t33_650M_UR50S,Weight,0.9285714285714286,0.5142857142857142,0.8457142857142858,0.483196756951126,0.9738707545519782,0.8993877551020408
Li_AVP_esm1_t34_670M_UR50S,Weight,0.8642857142857143,0.6857142857142857,0.8285714285714286,0.5110219279568277,0.9648670255194436,0.8710204081632652
Li_AVP_esm1_t34_670M_UR50D,Weight,0.9071428571428573,0.7142857142857143,0.8685714285714285,0.6028887432411171,0.9763507475389968,0.9071428571428573
Li_AVP_esm1_t34_670M_UR100,Weight,0.75,0.8285714285714286,0.7657142857142857,0.4805112353497026,0.9300951730148336,0.8483673469387755
Li_AVP_esm1_t12_85M_UR50S,Weight,0.8857142857142857,0.5714285714285714,0.8228571428571428,0.4523674291626511,0.9667949906200004,0.8787755102040816
Li_AVP_esm1_t6_43M_UR50S,Weight,0.8,0.6285714285714286,0.7657142857142857,0.3794733192202055,0.9551059152986968,0.836530612244898
Li_AVP_Tape_bert-base,Weight,0.8642857142857143,0.7428571428571429,0.84,0.5556623828915215,0.9649348282788552,0.8724489795918366
Li_AVP_ProtTrans_Prot_albert,Weight,0.8571428571428571,0.6857142857142857,0.8228571428571428,0.5005202012851406,0.9565073768418856,0.8483673469387755
Li_AVP_ProtTrans_Prot_bert_bfd,Weight,0.7857142857142857,0.4571428571428571,0.72,0.2206861866759035,0.9074791697027093,0.7253061224489796
Li_AVP_ProtTrans_Prot_bert,Weight,1.0,0.0,0.8,0.0,0.913003502653143,0.7514285714285714
Li_AVP_ProtTrans_Prot_t5_xl_bfd,Weight,0.9285714285714286,0.5714285714285714,0.8571428571428571,0.5306686305052324,0.9665894844908144,0.88
Li_AVP_ProtTrans_Prot_t5_xl_uniref50,Weight,0.9428571428571428,0.4857142857142857,0.8514285714285714,0.4898979485566356,0.9623710190800684,0.8806122448979592
ABP_esm2_t48_15B_UR50D,Weight,0.9292035398230089,0.967551622418879,0.948377581120944,0.8974152634357222,0.98508817866089,0.9804721504337762
ABP_esm2_t36_3B_UR50D,Weight,0.8973451327433628,0.9663716814159292,0.931858407079646,0.8657818569105299,0.9810386780354922,0.975790673593164
ABP_esm2_t33_650M_UR50D,Weight,0.896165191740413,0.9610619469026548,0.928613569321534,0.859038004743594,0.9802450018456288,0.9739426214529984
ABP_esm2_t30_150M_UR50D,Weight,0.8808259587020649,0.9634218289085544,0.9221238938053096,0.8471423683848819,0.9755292771400876,0.9677193898417172
ABP_esm2_t12_35M_UR50D,Weight,0.8831858407079646,0.9480825958702064,0.9156342182890856,0.8330244657148823,0.972148037735846,0.9635008397072772
ABP_esm2_t6_8M_UR50D,Weight,0.8607669616519174,0.9569321533923304,0.908849557522124,0.8215064787175254,0.9698685532135016,0.9616989062051322
ABP_esm1v_t33_650M_UR90S_1,Weight,0.8991150442477877,0.9651917404129794,0.9321533923303836,0.8661998236556941,0.97875805286754,0.9721492155480722
ABP_esm1v_t33_650M_UR90S_2,Weight,0.8955752212389381,0.9657817109144544,0.930678466076696,0.8634876050225375,0.979372350061158,0.9725996119073104
ABP_esm1v_t33_650M_UR90S_3,Weight,0.8997050147492626,0.966961651917404,0.9333333333333332,0.8686335058079953,0.9800614555740726,0.973953933571758
ABP_esm1v_t33_650M_UR90S_4,Weight,0.896165191740413,0.9628318584070796,0.9294985250737464,0.86091231908073,0.9792218032656832,0.9728119316748028
ABP_esm1v_t33_650M_UR90S_5,Weight,0.8973451327433628,0.9657817109144544,0.9315634218289084,0.8651552269320502,0.9797049822440804,0.973225433123624
ABP_esm1b_t33_650M_UR50S,Weight,0.8908554572271387,0.9646017699115044,0.9277286135693216,0.8577929687343275,0.9779832357858738,0.9702150172727352
ABP_esm1_t34_670M_UR50S,Weight,0.9144542772861356,0.9557522123893806,0.935103244837758,0.8709495172908754,0.9825559296566528,0.9771380339537594
ABP_esm1_t34_670M_UR50D,Weight,0.9050147492625368,0.9498525073746312,0.927433628318584,0.8557278775758339,0.9815237878696044,0.976103236136128
ABP_esm1_t34_670M_UR100,Weight,0.9091445427728614,0.9545722713864306,0.931858407079646,0.8646094128460702,0.9804005093096612,0.973659122353617
ABP_esm1_t12_85M_UR50S,Weight,0.903244837758112,0.9581120943952802,0.930678466076696,0.8626563880985255,0.9791347266544004,0.972423838985042
ABP_esm1_t6_43M_UR50S,Weight,0.9020648967551622,0.9622418879056048,0.9321533923303836,0.8658759920714222,0.979429907447088,0.9731641736497249
ABP_Tape_bert-base,Weight,0.8914454277286136,0.9410029498525072,0.9162241887905604,0.8334724893051406,0.9732016927675908,0.9647556147266384
ABP_ProtTrans_Prot_albert,Weight,0.8938053097345132,0.9575221238938052,0.9256637168141592,0.8530608367641087,0.9772109814126912,0.9707597392991708
ABP_ProtTrans_Prot_bert_bfd,Weight,0.8749262536873156,0.9480825958702064,0.911504424778761,0.8252200391142898,0.968032301819308,0.9594194272587256
ABP_ProtTrans_Prot_bert,Weight,0.8601769911504424,0.9404129793510324,0.9002949852507375,0.8031795050178473,0.9669962290677292,0.9576860625995248
ABP_ProtTrans_Prot_t5_xl_bfd,Weight,0.8843657817109144,0.9510324483775812,0.9176991150442478,0.8372608817433472,0.9763291677403418,0.9699097640988156
ABP_ProtTrans_Prot_t5_xl_uniref50,Weight,0.8902654867256637,0.959882005899705,0.9250737463126844,0.8522151139495155,0.9779408976158176,0.971949078062321
Nishant_AVP+_esm2_t48_15B_UR50D,Weight,0.9666666666666668,0.8833333333333333,0.925,0.8529668502072325,0.9798163995574312,0.9733333333333332
Nishant_AVP+_esm2_t36_3B_UR50D,Weight,0.9,0.8833333333333333,0.8916666666666667,0.7834421523007727,0.9692891462241946,0.9619444444444444
Nishant_AVP+_esm2_t33_650M_UR50D,Weight,0.8666666666666667,0.8,0.8333333333333334,0.6681531047810609,0.9565009651856142,0.9469444444444444
Nishant_AVP+_esm2_t30_150M_UR50D,Weight,0.85,0.8333333333333334,0.8416666666666667,0.6834282605176953,0.932018225367098,0.9197222222222222
Nishant_AVP+_esm2_t12_35M_UR50D,Weight,0.8,0.7833333333333333,0.7916666666666666,0.5834143687346179,0.9253613667750884,0.9113888888888888
Nishant_AVP+_esm2_t6_8M_UR50D,Weight,0.7333333333333333,0.8666666666666667,0.8,0.6054055145966812,0.9105397043431818,0.8961111111111111
Nishant_AVP+_esm1v_t33_650M_UR90S_1,Weight,0.9,0.8833333333333333,0.8916666666666667,0.7834421523007727,0.965519160651312,0.9538888888888888
Nishant_AVP+_esm1v_t33_650M_UR90S_2,Weight,0.9,0.85,0.875,0.7509392614826383,0.95945811194791,0.9525
Nishant_AVP+_esm1v_t33_650M_UR90S_3,Weight,0.9,0.9,0.9,0.8,0.9587640936710348,0.951111111111111
Nishant_AVP+_esm1v_t33_650M_UR90S_4,Weight,0.8666666666666667,0.8833333333333333,0.875,0.7501041883730802,0.9657279822569668,0.961111111111111
Nishant_AVP+_esm1v_t33_650M_UR90S_5,Weight,0.9,0.9,0.9,0.8,0.970116039024326,0.9638888888888888
Nishant_AVP+_esm1b_t33_650M_UR50S,Weight,0.9166666666666666,0.8,0.8583333333333333,0.721594342285443,0.9597137917038248,0.95
Nishant_AVP+_esm1_t34_670M_UR50S,Weight,0.9666666666666668,0.9166666666666666,0.9416666666666668,0.8844395746351074,0.9878439127072672,0.9836111111111112
Nishant_AVP+_esm1_t34_670M_UR50D,Weight,0.9,0.85,0.875,0.7509392614826383,0.9702935991797714,0.9630555555555556
Nishant_AVP+_esm1_t34_670M_UR100,Weight,0.9333333333333332,0.8666666666666667,0.9,0.8017837257372731,0.9770442405257412,0.9716666666666668
Nishant_AVP+_esm1_t12_85M_UR50S,Weight,0.9333333333333332,0.8833333333333333,0.9083333333333332,0.8176894180588729,0.9677337393659188,0.9625
Nishant_AVP+_esm1_t6_43M_UR50S,Weight,0.9,0.8666666666666667,0.8833333333333333,0.7670929478598306,0.9629568563920032,0.9563888888888888
Nishant_AVP+_Tape_bert-base,Weight,0.9333333333333332,0.8166666666666667,0.875,0.7551568698336031,0.9699876456636743,0.9611111111111112
Nishant_AVP+_ProtTrans_Prot_albert,Weight,0.9166666666666666,0.8,0.8583333333333333,0.721594342285443,0.9586061640741632,0.9513888888888888
Nishant_AVP+_ProtTrans_Prot_bert_bfd,Weight,0.8333333333333334,0.8166666666666667,0.825,0.650090296590003,0.9149265846134772,0.9097222222222222
Nishant_AVP+_ProtTrans_Prot_bert,Weight,0.8,0.75,0.775,0.5506887917539347,0.8697529398358615,0.8702777777777777
Nishant_AVP+_ProtTrans_Prot_t5_xl_bfd,Weight,0.9666666666666668,0.8666666666666667,0.9166666666666666,0.83753151271601,0.9822760458621173,0.9783333333333332
Nishant_AVP+_ProtTrans_Prot_t5_xl_uniref50,Weight,0.9166666666666666,0.9,0.9083333333333332,0.8167801162284651,0.9621905431155904,0.9575
LSTM_esm2_t48_15B_UR50D,Weight,0.9348659003831418,0.9574132492113564,0.9472318339100346,0.8934042124334669,0.9862518974821322,0.9869465897965845
LSTM_esm2_t36_3B_UR50D,Weight,0.9176245210727968,0.9621451104100948,0.9420415224913494,0.883096704093745,0.9851817766972196,0.9865296058595308
LSTM_esm2_t33_650M_UR50D,Weight,0.9272030651340996,0.9684542586750788,0.9498269896193772,0.898840630782059,0.9845615375943784,0.9863694598547204
LSTM_esm2_t30_150M_UR50D,Weight,0.9080459770114944,0.9526813880126184,0.9325259515570934,0.8637865254306589,0.9773053262899584,0.9825954530621124
LSTM_esm2_t12_35M_UR50D,Weight,0.9022988505747126,0.94006309148265,0.9230103806228374,0.8444376454279142,0.9766627901118012,0.9797551276937768
LSTM_esm2_t6_8M_UR50D,Weight,0.8831417624521073,0.9132492113564668,0.8996539792387543,0.7972442061954838,0.961375857422478,0.9676414421600976
LSTM_esm1v_t33_650M_UR90S_1,Weight,0.942528735632184,0.9542586750788644,0.948961937716263,0.8969405509859942,0.9834367500599992,0.9846833943701124
LSTM_esm1v_t33_650M_UR90S_2,Weight,0.9367816091954024,0.9558359621451104,0.9472318339100346,0.8934075361923813,0.9859393909176,0.986852919491884
LSTM_esm1v_t33_650M_UR90S_3,Weight,0.9233716475095786,0.9589905362776026,0.9429065743944636,0.8847231844310889,0.9830158552817264,0.9843751888514208
LSTM_esm1v_t33_650M_UR90S_4,Weight,0.9329501915708812,0.9526813880126184,0.9437716262975778,0.8864153618459585,0.9858158393899864,0.9869405465511198
LSTM_esm1v_t33_650M_UR90S_5,Weight,0.9310344827586208,0.944794952681388,0.9385813148788928,0.8759789968175962,0.9835436608291376,0.9845504429698924
LSTM_esm1b_t33_650M_UR50S,Weight,0.921455938697318,0.9542586750788644,0.9394463667820068,0.8776899603177288,0.9816507005917446,0.9841274157873744
LSTM_esm1_t34_670M_UR50S,Weight,0.9310344827586208,0.9574132492113564,0.9455017301038062,0.8899130889114489,0.9850742187918944,0.9864993896322082
LSTM_esm1_t34_670M_UR50D,Weight,0.9157088122605364,0.9589905362776026,0.9394463667820068,0.877808167571219,0.9831526222489532,0.9854357784304484
LSTM_esm1_t34_670M_UR100,Weight,0.9252873563218392,0.9621451104100948,0.9455017301038062,0.8899976618994022,0.9793486805339584,0.9850278593615917
LSTM_esm1_t12_85M_UR50S,Weight,0.9310344827586208,0.9558359621451104,0.944636678200692,0.8881595483057515,0.9839166581450266,0.9855354919806132
LSTM_esm1_t6_43M_UR50S,Weight,0.942528735632184,0.944794952681388,0.9437716262975778,0.8866073470956162,0.9815441308826804,0.9847559133156872
LSTM_Tape_bert-base,Weight,0.9118773946360154,0.946372239747634,0.9307958477508652,0.8601855852292711,0.9812187207126092,0.9841697185056264
LSTM_ProtTrans_Prot_albert,Weight,0.9272030651340996,0.9542586750788644,0.9420415224913494,0.8829155748429414,0.9836308730701128,0.9853964973349288
LSTM_ProtTrans_Prot_bert_bfd,Weight,0.8888888888888888,0.9305993690851736,0.9117647058823528,0.821681022283665,0.9714820777858136,0.9748721853584248
LSTM_ProtTrans_Prot_bert,Weight,0.9080459770114944,0.9069400630914828,0.907439446366782,0.813621511327404,0.9712715327735147,0.9749990935131804
LSTM_ProtTrans_Prot_t5_xl_bfd,Weight,0.9042145593869731,0.943217665615142,0.92560553633218,0.8496997610158534,0.980189035244292,0.9820757339521616
LSTM_ProtTrans_Prot_t5_xl_uniref50,Weight,0.9042145593869731,0.944794952681388,0.9264705882352942,0.8514636425843574,0.980158819922569,0.9831816478721732
LMPred_esm2_t48_15B_UR50D,Weight,0.8569527611443779,0.9035904255319148,0.8802793481875624,0.7613806394288505,0.950015012903792,0.94621130080265
LMPred_esm2_t36_3B_UR50D,Weight,0.8835662009314704,0.894281914893617,0.8889258397073495,0.7778949180059618,0.9538985365282652,0.9534941641539616
LMPred_esm2_t33_650M_UR50D,Weight,0.8762475049900199,0.8956117021276596,0.8859328234120386,0.7720077821765299,0.9456648261129288,0.9451933898161125
LMPred_esm2_t30_150M_UR50D,Weight,0.8556220891550232,0.8843085106382979,0.8699700698370469,0.7402404473197771,0.932002946932498,0.9327877932079104
LMPred_esm2_t12_35M_UR50D,Weight,0.8176979374584165,0.8617021276595744,0.8397073495177918,0.680065560820124,0.9117113638994644,0.9115461452980564
LMPred_esm2_t6_8M_UR50D,Weight,0.8163672654690619,0.839095744680851,0.8277352843365481,0.6556356058005518,0.8983126204988249,0.8999456760238388
LMPred_esm1v_t33_650M_UR90S_1,Weight,0.8609447771124418,0.8949468085106383,0.8779514466245427,0.7563353766886944,0.9429130996098394,0.940259994196005
LMPred_esm1v_t33_650M_UR90S_2,Weight,0.8729208250166334,0.8876329787234043,0.8802793481875624,0.7606389403915167,0.9403725676584472,0.9382405401962032
LMPred_esm1v_t33_650M_UR90S_3,Weight,0.854956753160346,0.8889627659574468,0.8719654140339208,0.7443562812704612,0.943433457594897,0.939070440678926
LMPred_esm1v_t33_650M_UR90S_4,Weight,0.8589487691284099,0.8889627659574468,0.8739607582307948,0.7482542098790211,0.940475274414202,0.9363838811738228
LMPred_esm1v_t33_650M_UR90S_5,Weight,0.850964737192282,0.8889627659574468,0.8699700698370469,0.7404691695458113,0.9440681522703646,0.939222618592602
LMPred_esm1b_t33_650M_UR50S,Weight,0.8502994011976048,0.8969414893617021,0.8736282008646492,0.748063695827417,0.942098022577342,0.9364812042581504
LMPred_esm1_t34_670M_UR50S,Weight,0.8709248170326015,0.8849734042553191,0.8779514466245427,0.7559754777939479,0.9446317918618276,0.9431628763749096
LMPred_esm1_t34_670M_UR50D,Weight,0.8423153692614771,0.886968085106383,0.8646491519787163,0.7300194925638123,0.9338051382188958,0.9355495569145398
LMPred_esm1_t34_670M_UR100,Weight,0.8682634730538922,0.8843085106382979,0.8762886597938144,0.7526718798880034,0.9416300783479729,0.9399892590705116
LMPred_esm1_t12_85M_UR50S,Weight,0.867598137059215,0.8710106382978723,0.8693049551047556,0.7386136765661531,0.9352445582607378,0.9367457460964596
LMPred_esm1_t6_43M_UR50S,Weight,0.8682634730538922,0.8590425531914894,0.8636514798802793,0.7273353067115763,0.9379226273258294,0.9359932617035432
LMPred_Tape_bert-base,Weight,0.8556220891550232,0.84375,0.8496840705021617,0.6994194301089807,0.9264378452302362,0.9246232711881204
LMPred_ProtTrans_Prot_albert,Weight,0.846307385229541,0.8763297872340425,0.8613235783172597,0.7229682671612719,0.934158934853022,0.9287957772398466
LMPred_ProtTrans_Prot_bert_bfd,Weight,0.8409846972721224,0.8517287234042553,0.8463584968407051,0.692755100405555,0.9122984503334576,0.915684588270268
LMPred_ProtTrans_Prot_bert,Weight,0.8176979374584165,0.8371010638297872,0.8274027269704024,0.6549250434462222,0.9081374799080648,0.9060841083789868
LMPred_ProtTrans_Prot_t5_xl_bfd,Weight,0.8476380572188955,0.8849734042553191,0.8663119388094447,0.7331292590554233,0.9271120993181604,0.9270598873175634
LMPred_ProtTrans_Prot_t5_xl_uniref50,Weight,0.8416500332667998,0.894281914893617,0.867974725640173,0.7369628795206304,0.9349417176682188,0.9318110233433844
Sharma_ABP_esm2_t48_15B_UR50D,Weight,0.9733632063729152,0.9636144162786688,0.96760391198044,0.9334875234550484,0.9924403246213036,0.9944982702630908
Sharma_ABP_esm2_t36_3B_UR50D,Weight,0.9658949464774708,0.9558544576651148,0.959963325183374,0.9178588566179092,0.9894862649769642,0.9923750083871432
Sharma_ABP_esm2_t33_650M_UR50D,Weight,0.9688822504356484,0.959130884635282,0.963121434392828,0.9243097579864112,0.9906987840336844,0.9930816318969952
Sharma_ABP_esm2_t30_150M_UR50D,Weight,0.9691311924321632,0.9632695292291774,0.9656682966585168,0.9293997355823737,0.9921913245262948,0.9943493300566916
Sharma_ABP_esm2_t12_35M_UR50D,Weight,0.9611650485436892,0.8351439903431627,0.8867155664221679,0.7832118038418848,0.971821042235018,0.978461516138752
Sharma_ABP_esm2_t6_8M_UR50D,Weight,0.9487179487179488,0.96395930332816,0.957722086389568,0.912572718694548,0.9878579443983996,0.9916354373031704
Sharma_ABP_esm1v_t33_650M_UR90S_1,Weight,0.9663928304705004,0.9346439041214002,0.9476365118174408,0.893865486227861,0.9857293091415954,0.9900304289628192
Sharma_ABP_esm1v_t33_650M_UR90S_2,Weight,0.9698780184217076,0.9351612346956372,0.9493683781581091,0.8975686042641396,0.989502166198502,0.9925621334367736
Sharma_ABP_esm1v_t33_650M_UR90S_3,Weight,0.9666417724670152,0.9517158130712192,0.9578239608801956,0.9136851988038556,0.9871494352613016,0.991650977396762
Sharma_ABP_esm1v_t33_650M_UR90S_4,Weight,0.9676375404530744,0.9403345404380066,0.9515077424612876,0.9014507756306886,0.9878181058418,0.991361382171984
Sharma_ABP_esm1v_t33_650M_UR90S_5,Weight,0.9743589743589745,0.9460251767546128,0.9576202118989404,0.9139310305123042,0.9896813142665162,0.9926882142513562
Sharma_ABP_esm1b_t33_650M_UR50S,Weight,0.9596713965646004,0.9587859975857906,0.9591483292583536,0.9158801343779496,0.9881066716408092,0.9915739637837688
Sharma_ABP_esm1_t34_670M_UR50S,Weight,0.9559372666168784,0.9598206587342644,0.9582314588427058,0.913863944337584,0.9874161468995832,0.990588455693755
Sharma_ABP_esm1_t34_670M_UR50D,Weight,0.9504605426935524,0.903604069667184,0.9227791361043196,0.8448320770631148,0.9771880818620792,0.9827918361964236
Sharma_ABP_esm1_t34_670M_UR100,Weight,0.9459795867562858,0.9365407828936024,0.940403422982885,0.8778918339700937,0.9786751996532396,0.984889727367088
Sharma_ABP_esm1_t12_85M_UR50S,Weight,0.9290515309932784,0.9617175375064666,0.9483496332518336,0.892999793929807,0.9871280536885382,0.9904734933439244
Sharma_ABP_esm1_t6_43M_UR50S,Weight,0.9701269604182226,0.9648215209518882,0.9669926650366748,0.932099229034277,0.991410905377643,0.994073858287139
Sharma_ABP_Tape_bert-base,Weight,0.9621608165297486,0.9470598379030868,0.953239608801956,0.9043386883145044,0.9850374762347168,0.9901117568835638
Sharma_ABP_ProtTrans_Prot_albert,Weight,0.944236992780682,0.8901534747370237,0.912286063569682,0.8244451479868996,0.9707339518830624,0.9788680698856038
Sharma_ABP_ProtTrans_Prot_bert_bfd,Weight,0.952203136669156,0.9115364718054836,0.9281784841075794,0.8551740579887751,0.9758381285542338,0.9830543006500696
Sharma_ABP_ProtTrans_Prot_bert,Weight,0.9382623848643266,0.9501638213485084,0.9452933985330072,0.8870681355952523,0.980701009710422,0.986475525232626
Sharma_ABP_ProtTrans_Prot_t5_xl_bfd,Weight,0.9402539208364452,0.9505087083979996,0.9463121434392828,0.8892076091719732,0.9821051265226052,0.986279943281234
Sharma_ABP_ProtTrans_Prot_t5_xl_uniref50,Weight,0.9419965148120488,0.9617175375064666,0.9536471067644662,0.9040968726205688,0.986605936186718,0.989378474815368
iAMP_balance_esm2_t48_15B_UR50D,Weight,0.9880434782608696,0.8989130434782608,0.9434782608695652,0.8905007481566329,0.9964857332389762,0.9963114366729678
iAMP_balance_esm2_t36_3B_UR50D,Weight,0.9804347826086957,0.907608695652174,0.9440217391304347,0.8904078181187103,0.9945018208704322,0.9939933837429112
iAMP_balance_esm2_t33_650M_UR50D,Weight,0.9717391304347828,0.9021739130434784,0.9369565217391304,0.8760353215819671,0.99417049840592,0.9935349716446124
iAMP_balance_esm2_t30_150M_UR50D,Weight,0.9782608695652174,0.883695652173913,0.9309782608695653,0.8658366225269986,0.9879642342797416,0.9872483459357276
iAMP_balance_esm2_t12_35M_UR50D,Weight,0.9869565217391304,0.8728260869565218,0.929891304347826,0.8654375735000285,0.987818827044637,0.98679702268431
iAMP_balance_esm2_t6_8M_UR50D,Weight,0.9695652173913044,0.8847826086956522,0.9271739130434784,0.8574350443437287,0.9815806696364948,0.9807525992438564
iAMP_balance_esm1v_t33_650M_UR90S_1,Weight,0.9934782608695653,0.8956521739130435,0.9445652173913044,0.8934156805171735,0.9959243875434408,0.9955801039697544
iAMP_balance_esm1v_t33_650M_UR90S_2,Weight,0.9902173913043478,0.8913043478260869,0.9407608695652174,0.885865954278445,0.99472943062232,0.99414106805293
iAMP_balance_esm1v_t33_650M_UR90S_3,Weight,0.9902173913043478,0.8847826086956522,0.9375,0.8799043936916371,0.9966844983957256,0.9960586011342156
iAMP_balance_esm1v_t33_650M_UR90S_4,Weight,0.9902173913043478,0.8880434782608696,0.9391304347826088,0.8828813840375499,0.9971426948693264,0.9965051984877128
iAMP_balance_esm1v_t33_650M_UR90S_5,Weight,0.991304347826087,0.8891304347826087,0.9402173913043478,0.8850667339980389,0.9966673144530614,0.995899102079395
iAMP_balance_esm1b_t33_650M_UR50S,Weight,0.9858695652173912,0.8923913043478261,0.9391304347826088,0.8821234048310073,0.9939225683689892,0.993312854442344
iAMP_balance_esm1_t34_670M_UR50S,Weight,0.992391304347826,0.8902173913043478,0.941304347826087,0.8872520839585278,0.995064059893874,0.99460893194707
iAMP_balance_esm1_t34_670M_UR50D,Weight,0.9760869565217392,0.9369565217391304,0.9565217391304348,0.9137433039831976,0.9947779092349182,0.994484877126654
iAMP_balance_esm1_t34_670M_UR100,Weight,0.9782608695652174,0.9358695652173912,0.9570652173913043,0.9149529000041132,0.9930835676693516,0.993453449905482
iAMP_balance_esm1_t12_85M_UR50S,Weight,0.9836956521739132,0.9097826086956522,0.9467391304347826,0.8959289041230258,0.9957464176540868,0.9951287807183364
iAMP_balance_esm1_t6_43M_UR50S,Weight,0.9815217391304348,0.9108695652173912,0.946195652173913,0.8946269657807986,0.9955228320652546,0.9949078449905482
iAMP_balance_Tape_bert-base,Weight,0.9771739130434782,0.9380434782608696,0.957608695652174,0.9159188832783958,0.9957035875764916,0.995172495274102
iAMP_balance_ProtTrans_Prot_albert,Weight,0.9891304347826086,0.8858695652173914,0.9375,0.8797026190791005,0.9970304243080256,0.9965890831758034
iAMP_balance_ProtTrans_Prot_bert_bfd,Weight,0.9902173913043478,0.8597826086956522,0.925,0.8573242138726211,0.9881484729545932,0.9881202741020794
iAMP_balance_ProtTrans_Prot_bert,Weight,0.925,0.8793478260869565,0.9021739130434784,0.8051873176074967,0.978088524232974,0.9783081285444236
iAMP_balance_ProtTrans_Prot_t5_xl_bfd,Weight,0.9869565217391304,0.8978260869565218,0.942391304347826,0.8883181482837,0.9913712309485418,0.9916694234404536
iAMP_balance_ProtTrans_Prot_t5_xl_uniref50,Weight,0.992391304347826,0.8923913043478261,0.942391304347826,0.8892399800228246,0.9931577197278474,0.9926146030245748
Sharma_AVP_esm2_t48_15B_UR50D,Weight,0.8814180929095354,0.8875305623471883,0.8844743276283619,0.768963020497755,0.9601969331077692,0.95795547611504
Sharma_AVP_esm2_t36_3B_UR50D,Weight,0.8850855745721271,0.8728606356968215,0.8789731051344744,0.7580028538190717,0.9572694547161787,0.9562891183099096
Sharma_AVP_esm2_t33_650M_UR50D,Weight,0.8704156479217604,0.8863080684596577,0.878361858190709,0.7568192969750442,0.95277059359777,0.9524363197254918
Sharma_AVP_esm2_t30_150M_UR50D,Weight,0.8753056234718827,0.8655256723716381,0.8704156479217604,0.7408667276950303,0.9464989732182528,0.9462820045312976
Sharma_AVP_esm2_t12_35M_UR50D,Weight,0.8581907090464548,0.8422982885085575,0.8502444987775061,0.7005774752289181,0.9421533826673985,0.9398048792152128
Sharma_AVP_esm2_t6_8M_UR50D,Weight,0.8594132029339854,0.8459657701711492,0.8526894865525673,0.7054427598122377,0.9312482355071392,0.9312055762459572
Sharma_AVP_esm1v_t33_650M_UR90S_1,Weight,0.8691931540342298,0.8740831295843521,0.871638141809291,0.7432851703375007,0.947649564499014,0.9496849612328956
Sharma_AVP_esm1v_t33_650M_UR90S_2,Weight,0.8801955990220048,0.8753056234718827,0.8777506112469438,0.7555102553759464,0.952508825941884,0.9521045426557708
Sharma_AVP_esm1v_t33_650M_UR90S_3,Weight,0.8838630806845966,0.8728606356968215,0.878361858190709,0.7567695226793153,0.9516275567224712,0.9531895433432368
Sharma_AVP_esm1v_t33_650M_UR90S_4,Weight,0.882640586797066,0.8801955990220048,0.8814180929095354,0.7628384659333874,0.9570563246547544,0.9570303859972142
Sharma_AVP_esm1v_t33_650M_UR90S_5,Weight,0.8691931540342298,0.8704156479217604,0.8698044009779952,0.7396093546260716,0.9496691335635468,0.9492530532457362
Sharma_AVP_esm1b_t33_650M_UR50S,Weight,0.8753056234718827,0.8679706601466992,0.871638141809291,0.743296279184408,0.9506494611382704,0.9524049354080858
Sharma_AVP_esm1_t34_670M_UR50S,Weight,0.8801955990220048,0.871638141809291,0.8759168704156479,0.751861270763538,0.9516101392433888,0.9514918012207004
Sharma_AVP_esm1_t34_670M_UR50D,Weight,0.8740831295843521,0.8765281173594132,0.8753056234718827,0.7506134905177884,0.9538509470748116,0.949250064263126
Sharma_AVP_esm1_t34_670M_UR100,Weight,0.8875305623471883,0.8887530562347188,0.8881418092909535,0.7762841986571164,0.9590671559612371,0.9580899803324944
Sharma_AVP_esm1_t12_85M_UR50S,Weight,0.8594132029339854,0.8728606356968215,0.8661369193154034,0.7323400574133976,0.9504694445138022,0.949729795972047
Sharma_AVP_esm1_t6_43M_UR50S,Weight,0.8691931540342298,0.8753056234718827,0.8722493887530562,0.744512685982723,0.9526678544398788,0.951506746133751
Sharma_AVP_Tape_bert-base,Weight,0.8643031784841075,0.8569682151589242,0.8606356968215159,0.7212907972348696,0.947018934950058,0.9438594341258124
Sharma_AVP_ProtTrans_Prot_albert,Weight,0.8753056234718827,0.8508557457212714,0.863080684596577,0.7263785149251923,0.9427150879012264,0.9427430491209402
Sharma_AVP_ProtTrans_Prot_bert_bfd,Weight,0.8496332518337408,0.8459657701711492,0.847799511002445,0.6956037001021876,0.9314408255922008,0.93354445513836
Sharma_AVP_ProtTrans_Prot_bert,Weight,0.8643031784841075,0.8019559902200489,0.8331295843520783,0.6675578881464759,0.9186294677320596,0.924115709494802
Sharma_AVP_ProtTrans_Prot_t5_xl_bfd,Weight,0.8728606356968215,0.8728606356968215,0.8728606356968215,0.7457212713936431,0.949545178247631,0.9490243960760636
Sharma_AVP_ProtTrans_Prot_t5_xl_uniref50,Weight,0.8704156479217604,0.8814180929095354,0.8759168704156479,0.751879251127268,0.9514245350914338,0.9512511881205876
Nishant_AVP_esm2_t48_15B_UR50D,Weight,0.8833333333333333,0.7555555555555555,0.8285714285714286,0.648075049917217,0.9465572500396412,0.9174074074074072
Nishant_AVP_esm2_t36_3B_UR50D,Weight,0.8666666666666667,0.7111111111111111,0.8,0.5887840577551898,0.9085474885381948,0.8751851851851851
Nishant_AVP_esm2_t33_650M_UR50D,Weight,0.8666666666666667,0.5777777777777777,0.7428571428571429,0.4700355771641709,0.9180731509715846,0.8725925925925926
Nishant_AVP_esm2_t30_150M_UR50D,Weight,0.9333333333333332,0.5777777777777777,0.780952380952381,0.5598941698941697,0.8944462969258308,0.8588888888888888
Nishant_AVP_esm2_t12_35M_UR50D,Weight,0.9,0.4888888888888889,0.7238095238095238,0.4351941398892446,0.8706638627980573,0.8333333333333334
Nishant_AVP_esm2_t6_8M_UR50D,Weight,0.7833333333333333,0.5333333333333333,0.6761904761904762,0.3280415945552432,0.825598127232524,0.7674074074074074
Nishant_AVP_esm1v_t33_650M_UR90S_1,Weight,0.8666666666666667,0.6888888888888889,0.7904761904761904,0.5689906183324324,0.9369065109177274,0.8929629629629628
Nishant_AVP_esm1v_t33_650M_UR90S_2,Weight,0.9166666666666666,0.6444444444444445,0.8,0.5934199161697657,0.9218464552188892,0.8862962962962962
Nishant_AVP_esm1v_t33_650M_UR90S_3,Weight,0.8833333333333333,0.7555555555555555,0.8285714285714286,0.648075049917217,0.9331830864626096,0.904074074074074
Nishant_AVP_esm1v_t33_650M_UR90S_4,Weight,0.85,0.6,0.7428571428571429,0.4691574316284182,0.9114836882492908,0.8688888888888889
Nishant_AVP_esm1v_t33_650M_UR90S_5,Weight,0.9,0.7111111111111111,0.819047619047619,0.629321925061141,0.942467782619473,0.9022222222222224
Nishant_AVP_esm1b_t33_650M_UR50S,Weight,0.85,0.7555555555555555,0.8095238095238095,0.6094047042182895,0.9169943352448656,0.8711111111111111
Nishant_AVP_esm1_t34_670M_UR50S,Weight,0.8833333333333333,0.7555555555555555,0.8285714285714286,0.648075049917217,0.932055761031018,0.9085185185185184
Nishant_AVP_esm1_t34_670M_UR50D,Weight,0.8833333333333333,0.7777777777777778,0.8380952380952381,0.6678230711206281,0.9172603548504292,0.8914814814814814
Nishant_AVP_esm1_t34_670M_UR100,Weight,0.8333333333333334,0.8,0.819047619047619,0.6316977160173353,0.8800907350718584,0.8959259259259258
Nishant_AVP_esm1_t12_85M_UR50S,Weight,0.8666666666666667,0.7333333333333333,0.8095238095238095,0.6086270034005168,0.9245710863472072,0.8914814814814814
Nishant_AVP_esm1_t6_43M_UR50S,Weight,0.9166666666666666,0.6444444444444445,0.8,0.5934199161697657,0.9425282429124214,0.9133333333333332
Nishant_AVP_Tape_bert-base,Weight,0.9,0.7555555555555555,0.8380952380952381,0.6680434501453115,0.942709396813498,0.9233333333333332
Nishant_AVP_ProtTrans_Prot_albert,Weight,0.8666666666666667,0.7111111111111111,0.8,0.5887840577551898,0.9174132225035482,0.8888888888888888
Nishant_AVP_ProtTrans_Prot_bert_bfd,Weight,0.9166666666666666,0.3777777777777777,0.6857142857142857,0.3580427300869137,0.8394720012660829,0.7844444444444445
Nishant_AVP_ProtTrans_Prot_bert,Weight,0.8666666666666667,0.4444444444444444,0.6857142857142857,0.3481553119113956,0.8816640424446033,0.822962962962963
Nishant_AVP_ProtTrans_Prot_t5_xl_bfd,Weight,0.8666666666666667,0.6222222222222222,0.7619047619047619,0.509701901028405,0.904145546407324,0.8681481481481481
Nishant_AVP_ProtTrans_Prot_t5_xl_uniref50,Weight,0.8833333333333333,0.7555555555555555,0.8285714285714286,0.648075049917217,0.91552699755173,0.8759259259259259
AFP_esm2_t48_15B_UR50D,Weight,0.944186046511628,0.958139534883721,0.9511627906976744,0.9024134355465964,0.991098679512354,0.9888588426176312
AFP_esm2_t36_3B_UR50D,Weight,0.8930232558139535,0.9674418604651164,0.9302325581395348,0.8628577421666626,0.9836696673603044,0.981352082206598
AFP_esm2_t33_650M_UR50D,Weight,0.8790697674418605,0.972093023255814,0.9255813953488372,0.8548695596367046,0.9844594548962864,0.9824337479718768
AFP_esm2_t30_150M_UR50D,Weight,0.8186046511627907,0.9767441860465116,0.8976744186046511,0.8054844290320163,0.9783105828024192,0.9749918875067604
AFP_esm2_t12_35M_UR50D,Weight,0.8093023255813954,0.9906976744186048,0.9,0.8134956869224166,0.9764028223478372,0.973001622498648
AFP_esm2_t6_8M_UR50D,Weight,0.7581395348837209,0.972093023255814,0.8651162790697674,0.7475427716358242,0.970582912125558,0.9677230935640888
AFP_esm1v_t33_650M_UR90S_1,Weight,0.8930232558139535,0.9627906976744186,0.927906976744186,0.8579044235810886,0.9816350549800535,0.978042184964846
AFP_esm1v_t33_650M_UR90S_2,Weight,0.9069767441860463,0.9534883720930232,0.9302325581395348,0.8613973647824799,0.9808009108497284,0.976722552731206
AFP_esm1v_t33_650M_UR90S_3,Weight,0.9209302325581395,0.958139534883721,0.9395348837209302,0.8796789502803777,0.9851040075135812,0.981157382368848
AFP_esm1v_t33_650M_UR90S_4,Weight,0.9069767441860463,0.9674418604651164,0.9372093023255814,0.8760214514859836,0.9833700314812864,0.9798161168199028
AFP_esm1v_t33_650M_UR90S_5,Weight,0.8930232558139535,0.9813953488372092,0.9372093023255814,0.8778531763328238,0.9837841070130432,0.9798810167658192
AFP_esm1b_t33_650M_UR50S,Weight,0.8883720930232558,0.972093023255814,0.9302325581395348,0.8634966455869623,0.9833981820018108,0.9801622498647916
AFP_esm1_t34_670M_UR50S,Weight,0.9534883720930232,0.944186046511628,0.9488372093023256,0.8977132604729834,0.9867396859053392,0.984878312601406
AFP_esm1_t34_670M_UR50D,Weight,0.9255813953488372,0.9627906976744186,0.944186046511628,0.8889877222410165,0.9872374353032822,0.9858734451054624
AFP_esm1_t34_670M_UR100,Weight,0.8837209302325582,0.9627906976744186,0.9232558139534884,0.8491703082830457,0.9838182143664904,0.9820227149810709
AFP_esm1_t12_85M_UR50S,Weight,0.8976744186046511,0.9534883720930232,0.9255813953488372,0.8524916663453915,0.9845013264455624,0.9828447809626826
AFP_esm1_t6_43M_UR50S,Weight,0.916279069767442,0.9395348837209302,0.927906976744186,0.8560454735665932,0.985212145845326,0.9831909140075716
AFP_Tape_bert-base,Weight,0.9116279069767442,0.958139534883721,0.9348837209302324,0.8707097687260742,0.985410875207864,0.983472147106544
AFP_ProtTrans_Prot_albert,Weight,0.9209302325581395,0.9488372093023256,0.9348837209302324,0.8701063269755686,0.9848057733292824,0.982065981611682
AFP_ProtTrans_Prot_bert_bfd,Weight,0.786046511627907,0.9767441860465116,0.8813953488372093,0.777050494668376,0.9675624403736596,0.963634396971336
AFP_ProtTrans_Prot_bert,Weight,0.7674418604651163,0.9255813953488372,0.8465116279069768,0.7018548533670785,0.9543999196378524,0.9508491076257436
AFP_ProtTrans_Prot_t5_xl_bfd,Weight,0.9069767441860463,0.9627906976744186,0.9348837209302324,0.8711253639704274,0.9809570792037454,0.9773499188750676
AFP_ProtTrans_Prot_t5_xl_uniref50,Weight,0.8651162790697674,0.9767441860465116,0.9209302325581395,0.8471551215919262,0.9823016202062126,0.9786046511627906
Sharma_AFP_esm2_t48_15B_UR50D,Weight,0.9071791153009428,0.9253081943437274,0.916243654822335,0.8326241474751301,0.9747432730276264,0.9711522837380978
Sharma_AFP_esm2_t36_3B_UR50D,Weight,0.8861493836113126,0.9086294416243654,0.897389412617839,0.794979723317344,0.9638119283969122,0.9573857526210258
Sharma_AFP_esm2_t33_650M_UR50D,Weight,0.8977519941986947,0.911530094271211,0.9046410442349528,0.8093589148625023,0.9669765100772684,0.9583817345124552
Sharma_AFP_esm2_t30_150M_UR50D,Weight,0.8600435097897027,0.8868745467730239,0.8734590282813633,0.7471870566642952,0.9507291833195038,0.9376096750122658
Sharma_AFP_esm2_t12_35M_UR50D,Weight,0.8469905728788978,0.8825235678027556,0.8647570703408267,0.729975117236542,0.9382892332768784,0.9228424292492642
Sharma_AFP_esm2_t6_8M_UR50D,Weight,0.823060188542422,0.8803480783176215,0.8517041334300217,0.7045653743853278,0.9289478954674668,0.9130840153320212
Sharma_AFP_esm1v_t33_650M_UR90S_1,Weight,0.9108049311094996,0.8883248730964467,0.8995649021029731,0.7993318020946287,0.9651716855542354,0.9592604492646088
Sharma_AFP_esm1v_t33_650M_UR90S_2,Weight,0.9013778100072516,0.8875997099347354,0.8944887599709934,0.7890524187906832,0.9678400570992312,0.9616972919704612
Sharma_AFP_esm1v_t33_650M_UR90S_3,Weight,0.9158810732414794,0.9086294416243654,0.9122552574329224,0.8245321946422767,0.968106407977544,0.9630797821460516
Sharma_AFP_esm1v_t33_650M_UR90S_4,Weight,0.9144307469180566,0.8897751994198695,0.902102973168963,0.8044504946365282,0.9666489257871784,0.9604089310232584
Sharma_AFP_esm1v_t33_650M_UR90S_5,Weight,0.9064539521392312,0.8977519941986947,0.902102973168963,0.8042363969418109,0.9690289242213432,0.9621016795493996
Sharma_AFP_esm1b_t33_650M_UR50S,Weight,0.8897751994198695,0.9028281363306744,0.896301667875272,0.7926708659260383,0.9680629694530553,0.9619996623968458
Sharma_AFP_esm1_t34_670M_UR50S,Weight,0.9050036258158084,0.8948513415518492,0.8999274836838289,0.7998961906304469,0.970261370563506,0.9651669268805206
Sharma_AFP_esm1_t34_670M_UR50D,Weight,0.9100797679477882,0.8781725888324873,0.8941261783901377,0.7886539106945728,0.9696284715862058,0.9627668944874452
Sharma_AFP_esm1_t34_670M_UR100,Weight,0.9013778100072516,0.8955765047135605,0.8984771573604061,0.7969677258650859,0.964242784444168,0.9596353885933256
Sharma_AFP_esm1_t12_85M_UR50S,Weight,0.9035532994923858,0.9035532994923858,0.9035532994923858,0.8071065989847716,0.9672199990258163,0.9620196451380676
Sharma_AFP_esm1_t6_43M_UR50S,Weight,0.8897751994198695,0.883248730964467,0.8865119651921682,0.7730403943064792,0.96008836491566,0.9557182454522174
Sharma_AFP_Tape_bert-base,Weight,0.8992023205221175,0.8658448150833937,0.8825235678027556,0.7654731339888174,0.9561280752287732,0.949854362626805
Sharma_AFP_ProtTrans_Prot_albert,Weight,0.8905003625815808,0.896301667875272,0.8934010152284264,0.7868152707585242,0.9627453131620238,0.9581645536670697
Sharma_AFP_ProtTrans_Prot_bert_bfd,Weight,0.8448150833937635,0.8788977519941987,0.8618564176939811,0.7241335446092084,0.93542815737422,0.9304379743600396
Sharma_AFP_ProtTrans_Prot_bert,Weight,0.8049311094996374,0.8498912255257433,0.8274111675126904,0.6554851729700519,0.9165411280496588,0.9032593428517792
Sharma_AFP_ProtTrans_Prot_t5_xl_bfd,Weight,0.8999274836838289,0.8897751994198695,0.8948513415518492,0.7897433831337776,0.9642243441330132,0.9568246582819788
Sharma_AFP_ProtTrans_Prot_t5_xl_uniref50,Weight,0.8897751994198695,0.9006526468455403,0.8952139231327049,0.7904746116772019,0.9636576542945414,0.9556977368493842
AVP_esm2_t48_15B_UR50D,Weight,0.7592295345104334,0.8972712680577849,0.8282504012841091,0.6628466222970713,0.9162679749766162,0.8987192402525963
AVP_esm2_t36_3B_UR50D,Weight,0.5987158908507223,0.9261637239165328,0.7624398073836276,0.5555050180356973,0.8715558651742271,0.8527190702060397
AVP_esm2_t33_650M_UR50D,Weight,0.5858747993579454,0.9309791332263242,0.7584269662921348,0.5506856769280799,0.8672630422981238,0.847277580392086
AVP_esm2_t30_150M_UR50D,Weight,0.5152487961476726,0.9245585874799358,0.7199036918138042,0.4820359129491131,0.8354445650879005,0.817284974840839
AVP_esm2_t12_35M_UR50D,Weight,0.4975922953451043,0.9454253611556982,0.7215088282504013,0.4954805283282655,0.8459909171117036,0.8187844762952524
AVP_esm2_t6_8M_UR50D,Weight,0.4221508828250401,0.9486356340288924,0.6853932584269663,0.4361247298443659,0.8205781521116379,0.8032355222103991
AVP_esm1v_t33_650M_UR90S_1,Weight,0.6308186195826645,0.9036918138041734,0.7672552166934189,0.5555952688213736,0.8711145712377852,0.8476305558203587
AVP_esm1v_t33_650M_UR90S_2,Weight,0.6195826645264848,0.9069020866773676,0.7632423756019262,0.5496613175155683,0.8694223511687255,0.8467365231662669
AVP_esm1v_t33_650M_UR90S_3,Weight,0.6532905296950241,0.8956661316211878,0.7744783306581059,0.5658282497354298,0.8687915554437747,0.8446212470596116
AVP_esm1v_t33_650M_UR90S_4,Weight,0.6276083467094703,0.9101123595505618,0.7688603531300161,0.5605542579638818,0.8718510795137584,0.8445954824298108
AVP_esm1v_t33_650M_UR90S_5,Weight,0.608346709470305,0.9069020866773676,0.7576243980738363,0.5398710668922758,0.8613405398558899,0.8387881348726842
AVP_esm1b_t33_650M_UR50S,Weight,0.6019261637239165,0.9101123595505618,0.7560192616372392,0.5382366213436439,0.857952544055416,0.8435288267560527
AVP_esm1_t34_670M_UR50S,Weight,0.7447833065810594,0.8908507223113965,0.8178170144462279,0.6425253456000173,0.9060131908917362,0.887774425513167
AVP_esm1_t34_670M_UR50D,Weight,0.7447833065810594,0.8908507223113965,0.8178170144462279,0.6425253456000173,0.9079495764185808,0.8903792295860397
AVP_esm1_t34_670M_UR100,Weight,0.7431781701444623,0.8812199036918138,0.812199036918138,0.6304335845319333,0.9052124970822252,0.8867103463023892
AVP_esm1_t12_85M_UR50S,Weight,0.6709470304975923,0.9261637239165328,0.7985553772070626,0.6175620114553423,0.8862218827840632,0.8608040110375674
AVP_esm1_t6_43M_UR50S,Weight,0.6789727126805778,0.8860353130016051,0.7825040128410915,0.5775243084194828,0.8902690049071775,0.8704451355090704
AVP_Tape_bert-base,Weight,0.6645264847512039,0.8651685393258427,0.7648475120385233,0.5406901645159197,0.8617236715809607,0.8439513666847878
AVP_ProtTrans_Prot_albert,Weight,0.6484751203852327,0.8651685393258427,0.7568218298555377,0.5261450204564787,0.8440840571073189,0.8258517142496438
AVP_ProtTrans_Prot_bert_bfd,Weight,0.4879614767255216,0.9309791332263242,0.709470304975923,0.4673001539236032,0.8340083340498003,0.8150743696039204
AVP_ProtTrans_Prot_bert,Weight,0.4526484751203852,0.9373996789727128,0.695024077046549,0.4459466348246074,0.8298080661803023,0.8098364203653939
AVP_ProtTrans_Prot_t5_xl_bfd,Weight,0.6035313001605136,0.8956661316211878,0.7495987158908507,0.5219671290486312,0.8643375429060912,0.8475120385232744
AVP_ProtTrans_Prot_t5_xl_uniref50,Weight,0.5810593900481541,0.9245585874799358,0.7528089887640449,0.5383765942208362,0.8629388664342499,0.8400557546588893
MAMP_pred_balance_esm2_t48_15B_UR50D,Weight,0.9154929577464788,0.821273516642547,0.8373349339735895,0.6021398215440035,0.5784728914335967,0.9159018874462403
MAMP_pred_balance_esm2_t36_3B_UR50D,Weight,0.9190140845070424,0.8219971056439942,0.8385354141656662,0.6056089158639664,0.5884220754460041,0.9221390208108272
MAMP_pred_balance_esm2_t33_650M_UR50D,Weight,0.9049295774647887,0.8422575976845152,0.8529411764705882,0.622357481930683,0.5704211918424441,0.916154124457308
MAMP_pred_balance_esm2_t30_150M_UR50D,Weight,1.0,0.5065123010130246,0.5906362545018007,0.3858918490178365,0.5069828051484245,0.8916820386865331
MAMP_pred_balance_esm2_t12_35M_UR50D,Weight,0.943661971830986,0.7395079594790159,0.7743097238895558,0.5301068744401438,0.5351022506911669,0.893972554574917
MAMP_pred_balance_esm2_t6_8M_UR50D,Weight,0.9964788732394366,0.4956584659913169,0.581032412965186,0.3760316607118329,0.5008436465932158,0.8815033835429364
MAMP_pred_balance_esm1v_t33_650M_UR90S_1,Weight,0.9295774647887324,0.7785817655571635,0.8043217286914766,0.5613082259980021,0.5996062169231665,0.9158025213509712
MAMP_pred_balance_esm1v_t33_650M_UR90S_2,Weight,0.9330985915492958,0.7858176555716353,0.8109243697478992,0.5720433225382842,0.577564225883081,0.9112418723629768
MAMP_pred_balance_esm1v_t33_650M_UR90S_3,Weight,0.9577464788732394,0.8031837916063675,0.82953181272509,0.6101859090284861,0.6244694884779933,0.921517345753246
MAMP_pred_balance_esm1v_t33_650M_UR90S_4,Weight,0.9014084507042254,0.8010130246020261,0.8181272509003601,0.5668469068433348,0.5889676518489869,0.9120826623998696
MAMP_pred_balance_esm1v_t33_650M_UR90S_5,Weight,0.9295774647887324,0.7793053545586107,0.804921968787515,0.5621189098973931,0.5962646574307082,0.9160369234218628
MAMP_pred_balance_esm1b_t33_650M_UR50S,Weight,0.9612676056338028,0.788712011577424,0.8181272509003601,0.5957235495495397,0.5848514465417202,0.9169210268848984
MAMP_pred_balance_esm1_t34_670M_UR50S,Weight,0.9471830985915493,0.829232995658466,0.8493397358943577,0.6352518256890187,0.6533617753431953,0.9319125680275576
MAMP_pred_balance_esm1_t34_670M_UR50D,Weight,0.943661971830986,0.7937771345875543,0.819327731092437,0.5888832590664612,0.6096217534057734,0.9198905444242882
MAMP_pred_balance_esm1_t34_670M_UR100,Weight,0.897887323943662,0.7916063675832128,0.8097238895558223,0.5531637289518767,0.5335181073324569,0.9001179653900246
MAMP_pred_balance_esm1_t12_85M_UR50S,Weight,0.9753521126760564,0.4891461649782923,0.5720288115246098,0.3551486668519531,0.5781482872800401,0.8918400052995252
MAMP_pred_balance_esm1_t6_43M_UR50S,Weight,0.908450704225352,0.8111432706222865,0.8277310924369747,0.5842992407955028,0.5714092871627043,0.9090660096614418
MAMP_pred_balance_Tape_bert-base,Weight,0.9049295774647887,0.7973950795947902,0.8157262905162065,0.5650891823041998,0.5856583229059722,0.9101310103748396
MAMP_pred_balance_ProtTrans_Prot_albert,Weight,0.9014084507042254,0.7720694645441389,0.7941176470588235,0.5335946133261015,0.5311518120063559,0.898400715435886
MAMP_pred_balance_ProtTrans_Prot_bert_bfd,Weight,1.0,0.4869753979739508,0.5744297719087635,0.373196924742235,0.536588499453627,0.8888997880189968
MAMP_pred_balance_ProtTrans_Prot_bert,Weight,0.9929577464788732,0.5173661360347322,0.5984393757503002,0.3875845000021725,0.5250452867153163,0.8660175597725281
MAMP_pred_balance_ProtTrans_Prot_t5_xl_bfd,Weight,0.9049295774647887,0.8082489146164978,0.8247298919567827,0.5781801335977476,0.5760878064459075,0.9147553555777502
MAMP_pred_balance_ProtTrans_Prot_t5_xl_uniref50,Weight,0.9964788732394366,0.5086830680173662,0.5918367346938775,0.3845651715487197,0.5877684011348823,0.8947560180183853
Veltri_ABP_ProtTrans_Prot_xlnet,Weight,0.8932584269662921,0.9185393258426966,0.9058988764044944,0.8120572968780062,0.9666523597374166,0.9580703194041156
Sharma_AMP_ProtTrans_Prot_xlnet,Weight,0.9441926345609064,0.9619073718827076,0.9531968240702048,0.906461298589064,0.988814170193226,0.98838759813896
iAMP_unbalance_ProtTrans_Prot_xlnet,Weight,0.9293478260869564,0.9902173913043478,0.959782608695652,0.9212735082749208,0.9943504551642156,0.993844517958412
MAMP_pred_unbalance_ProtTrans_Prot_xlnet,Weight,0.8591549295774648,0.8111432706222865,0.819327731092437,0.548427780653192,0.5305107678075919,0.8959496850859134
Yan_Deep_AMP_ProtTrans_Prot_xlnet,Weight,0.7446808510638298,0.776595744680851,0.7606382978723404,0.5215422745773277,0.8667981881606925,0.8439339067451336
AMP_ProtTrans_Prot_xlnet,Weight,0.8213728549141965,0.915267473643108,0.8682926829268293,0.7398788631862881,0.9432361877743762,0.9275672042110112
Li_AVP_ProtTrans_Prot_xlnet,Weight,0.9928571428571428,0.0,0.7942857142857143,-0.0379049021789451,0.9547542895645078,0.8422448979591837
ABP_ProtTrans_Prot_xlnet,Weight,0.8749262536873156,0.9297935103244838,0.9023598820058996,0.8059337762783485,0.9658462695265392,0.95680545766222
Nishant_AVP+_ProtTrans_Prot_xlnet,Weight,0.9,0.85,0.875,0.7509392614826383,0.9501137006246008,0.9380555555555556
LSTM_ProtTrans_Prot_xlnet,Weight,0.896551724137931,0.94794952681388,0.9247404844290658,0.8480875050108508,0.969335255088132,0.9719291248171918
LMPred_ProtTrans_Prot_xlnet,Weight,0.8130405854956753,0.8597074468085106,0.8363817758563352,0.67348881165939,0.9058025486358768,0.9004345033337581
Sharma_ABP_ProtTrans_Prot_xlnet,Weight,0.9208364451082898,0.9349887911708916,0.9291972290138548,0.8539639257297204,0.9739143042874856,0.9779469544485944
iAMP_balance_ProtTrans_Prot_xlnet,Weight,0.9728260869565216,0.9239130434782608,0.9483695652173914,0.8978137769550562,0.9936977318246653,0.993251417769376
Sharma_AVP_ProtTrans_Prot_xlnet,Weight,0.8422982885085575,0.8679706601466992,0.8551344743276283,0.7105031231291077,0.935427143388436,0.9347265977606544
Nishant_AVP_ProtTrans_Prot_xlnet,Weight,0.85,0.7777777777777778,0.819047619047619,0.6296461681524403,0.8727447594385708,0.8407407407407407
AFP_ProtTrans_Prot_xlnet,Weight,0.9069767441860463,0.9627906976744186,0.9348837209302324,0.8711253639704274,0.9837676482528216,0.9819145484045432
Sharma_AFP_ProtTrans_Prot_xlnet,Weight,0.8767222625090645,0.8839738941261784,0.8803480783176215,0.7607161584694355,0.9533772287307142,0.9476531059227268
AVP_ProtTrans_Prot_xlnet,Weight,0.6243980738362761,0.8892455858747994,0.7568218298555377,0.5326649622062483,0.8532799239763936,0.8332332806876064
MAMP_pred_balance_ProtTrans_Prot_xlnet,Weight,0.9683098591549296,0.6172214182344429,0.6770708283313326,0.4406376810757674,0.5419021765960722,0.8923444793216608
AmPEP_ProtTrans_Prot_albert,Weight,0.9758202775817455,0.955319689484827,0.9655699835332863,0.9314438626276967,0.9874217543614838,0.990028285888535
AmPEP_ProtTrans_Prot_bert,Weight,0.9675615149376618,0.9381848976711362,0.952873206304399,0.9063258029495763,0.9810331058590382,0.9851553397844425
AmPEP_ProtTrans_Prot_bert_bfd,Weight,0.9684827099505998,0.9476706657257117,0.9580766878381558,0.9164959214982579,0.9842959483473086,0.987866946350122
AmPEP_ProtTrans_Prot_t5_xl_bfd,Weight,0.9721524347212421,0.955010115266996,0.9635812749941192,0.9275556793808484,0.9875259443345475,0.9907780853888504
AmPEP_ProtTrans_Prot_t5_xl_uniref50,Weight,0.9724563632086568,0.9596047988708539,0.9660305810397555,0.9322336734449671,0.9861303834756681,0.9901077317498904
AmPEP_ProtTrans_Prot_xlnet,Weight,0.9660381086803106,0.9492034815337567,0.9576207951070337,0.9155291138908208,0.9835665420428439,0.9874491659559977
AmPEP_Tape_bert-base,Weight,0.9648167490002353,0.954398494471889,0.9596076217360622,0.9194193551905867,0.986840528845837,0.9889660949540093
AmPEP_esm1_t12_85M_UR50S,Weight,0.9715389320159963,0.9574622441778405,0.9645005880969183,0.9291469945087549,0.9871421848628884,0.9898302082015269
AmPEP_esm1_t34_670M_UR100,Weight,0.9742968713243944,0.9556273817925194,0.9649621265584569,0.9302860492905038,0.9887187384130487,0.9907375715689464
AmPEP_esm1_t34_670M_UR50D,Weight,0.97796095036462,0.9574678899082569,0.9677144201364385,0.935691798513561,0.9897148519647235,0.9916755598298069
AmPEP_esm1_t34_670M_UR50S,Weight,0.9749084921195014,0.952873206304399,0.9638908492119501,0.9281615823580653,0.9892698450872632,0.9913835061068283
AmPEP_esm1_t6_43M_UR50S,Weight,0.9764356621971302,0.957768054575394,0.9671018583862621,0.9344867522795832,0.9876386384155653,0.9898220569939651
AmPEP_esm1b_t33_650M_UR50S,Weight,0.9761298517995766,0.9574641260879794,0.966796988943778,0.9338546212669238,0.9903367449182439,0.9920800222898555
AmPEP_esm1v_t33_650M_UR90S_1,Weight,0.9758221594918842,0.9580701011526699,0.9669461303222772,0.9341529669641051,0.9879582884047761,0.9912586858027399
AmPEP_esm1v_t33_650M_UR90S_2,Weight,0.9776607856974829,0.9565466948953187,0.9671037402964009,0.9345259691722851,0.9877852503402933,0.9910291576742207
AmPEP_esm1v_t33_650M_UR90S_3,Weight,0.9773474476593742,0.9574584803575629,0.9674029640084687,0.9351073011765598,0.9880138189357774,0.9914939405426406
AmPEP_esm1v_t33_650M_UR90S_4,Weight,0.9782705245824512,0.9568430957421784,0.9675568101623148,0.9354356272084854,0.9883183248622676,0.9912223977232916
AmPEP_esm1v_t33_650M_UR90S_5,Weight,0.9794937661726653,0.9571545518701482,0.9683241590214069,0.9370555866317984,0.9887293993116597,0.9912926185417177
AmPEP_esm2_t12_35M_UR50D,Weight,0.95501952481769,0.9504267231239709,0.9527231239708304,0.9056023347023304,0.981370274624686,0.9850195279564202
AmPEP_esm2_t30_150M_UR50D,Weight,0.9648111032698189,0.9562408844977652,0.9605259938837921,0.9212137448928648,0.986135549354116,0.9885161252284806
AmPEP_esm2_t33_650M_UR50D,Weight,0.9764356621971301,0.9599106092684074,0.9681731357327689,0.9365560372468126,0.989872522639877,0.9921060000693929
AmPEP_esm2_t36_3B_UR50D,Weight,0.9755201129146084,0.9598993178075746,0.9677097153610916,0.9356105151040321,0.9909594277321527,0.9924270507693513
AmPEP_esm2_t48_15B_UR50D,Weight,0.9761279698894377,0.9644958833215714,0.9703119266055046,0.9407563642465615,0.9907082510084593,0.9926512216915931
AmPEP_esm2_t6_8M_UR50D,Weight,0.9409409550693955,0.9470571630204658,0.9439990590449305,0.8881778822364741,0.9743890321352918,0.9804917861406792
GD_ProtTrans_Prot_albert,Weight,0.970923269823364,0.951854031783402,0.9613888208284311,0.9229477406072919,0.9866512222964658,0.9893194936948564
GD_ProtTrans_Prot_bert,Weight,0.9603874159484567,0.944496762801648,0.9524421344021421,0.9050071495744618,0.982733049750595,0.9861121778258036
GD_ProtTrans_Prot_bert_bfd,Weight,0.958798054450846,0.9415538552089464,0.9501762773196768,0.9005005051256415,0.9808332519518113,0.984646013184529
GD_ProtTrans_Prot_t5_xl_bfd,Weight,0.9686882020005549,0.9510300176574455,0.9598586776855891,0.9198747938534645,0.9853564887628818,0.988594898427111
GD_ProtTrans_Prot_t5_xl_uniref50,Weight,0.9699232007312706,0.9562683931724545,0.9630957635949844,0.9262795733150094,0.986427005787695,0.9893564525108198
GD_ProtTrans_Prot_xlnet,Weight,0.953911734715738,0.9438493231312537,0.9488810296471328,0.8978180777698415,0.9800915307647987,0.9841137623814585
GD_Tape_bert-base,Weight,0.9555021533041963,0.9449676280164802,0.9502350271751048,0.9005249044080275,0.9838738467540615,0.9858323901765544
GD_esm1_t12_85M_UR50S,Weight,0.9660965187598487,0.9500294290759269,0.9580631271087462,0.9162528240606891,0.9852899592600819,0.9880404386906557
GD_esm1_t34_670M_UR100,Weight,0.971630208838888,0.9483814008240141,0.9600056064953175,0.9202742371668984,0.9855787086555564,0.9889123507061734
GD_esm1_t34_670M_UR50D,Weight,0.9688643258035039,0.9539140670982931,0.9613891240002953,0.9228846647325918,0.9855792265955324,0.9891542682087471
GD_esm1_t34_670M_UR50S,Weight,0.9698053285195286,0.9529723366686286,0.961388760143578,0.9229102658013965,0.985498571074474,0.9888477079400575
GD_esm1_t6_43M_UR50S,Weight,0.9610924655883377,0.9502060035314891,0.9556497694952506,0.9113682645944741,0.9823828387165214,0.9858952394531512
GD_esm1b_t33_650M_UR50S,Weight,0.9698062990288052,0.9552678045909359,0.9625369143318838,0.9251767470298621,0.9861746967977268,0.9892211465135123
GD_esm1v_t33_650M_UR90S_1,Weight,0.971335658151286,0.9510300176574455,0.9611828389302222,0.922558712596816,0.9871177652380221,0.9897572099527864
GD_esm1v_t33_650M_UR90S_2,Weight,0.9722770941424033,0.9540317834020012,0.9631544961544961,0.9264664742787005,0.9875894842979541,0.9902243378731097
GD_esm1v_t33_650M_UR90S_3,Weight,0.9711588582164014,0.951795173631548,0.9614769000921966,0.9231301050295591,0.9875781248653217,0.9901149432769483
GD_esm1v_t33_650M_UR90S_4,Weight,0.9731008655951356,0.9529134785167745,0.9630073464069028,0.9262072501220604,0.9882027831627636,0.9903313127427833
GD_esm1v_t33_650M_UR90S_5,Weight,0.9712174391236094,0.9505002942907591,0.9608589847820636,0.9219220275650681,0.9878699471612933,0.9900493586040232
GD_esm2_t12_35M_UR50D,Weight,0.9553253361142037,0.9487345497351383,0.9520303005277821,0.9040949870838706,0.9830517628739477,0.9855915201804357
GD_esm2_t30_150M_UR50D,Weight,0.9613880216626702,0.9530900529723366,0.9572390696320955,0.914525017465406,0.9843358655562439,0.9872769147999026
GD_esm2_t33_650M_UR50D,Weight,0.9699241887404806,0.9557975279576221,0.9628606991816498,0.9258160915448281,0.9875208362089838,0.9899032665907205
GD_esm2_t36_3B_UR50D,Weight,0.9703351560289255,0.9587404355503237,0.9645379010256837,0.9291421301107837,0.987497340116521,0.9901496887365937
GD_esm2_t48_15B_UR50D,Weight,0.9679221101498042,0.9603884638022366,0.9641551757518216,0.9283436007981777,0.9872609507752523,0.9902535191985617
GD_esm2_t6_8M_UR50D,Weight,0.9489681517658717,0.9382577987051206,0.9436135280444962,0.8872998201934477,0.9785245271823205,0.9807865907555928
